id,first_name,last_name,email,country,ip_address,datefield
1,Carol,Larson,clarson0@prnewswire.com,Philippines,38.178.15.91,9/19/2015
2,Pamela,Riley,priley1@ft.com,China,100.236.149.62,6/26/2015
3,Sarah,Reid,sreid2@github.io,France,44.98.204.203,5/8/2015
4,Steven,Hall,shall3@java.com,China,2.235.240.119,3/26/2015
5,Richard,Butler,rbutler4@gizmodo.com,China,123.175.42.152,8/19/2015
6,Ralph,Reynolds,rreynolds5@cpanel.net,Bulgaria,46.59.240.227,8/21/2015
7,Fred,Larson,flarson6@ebay.co.uk,China,64.45.108.0,1/3/2015
8,Donna,Mendoza,,Indonesia,113.217.76.201,5/6/2015
9,Henry,Sanchez,hsanchez8@addthis.com,Albania,37.139.71.221,4/12/2015
10,Laura,Owens,lowens9@taobao.com,Russia,21.53.52.197,2/3/2015
11,Dennis,Foster,dfostera@hibu.com,Burkina Faso,181.140.24.248,8/18/2015
12,Christina,Webb,cwebbb@netlog.com,China,149.147.8.255,3/24/2015
13,Jonathan,Anderson,,France,214.196.216.58,4/25/2015
14,Sara,Richards,srichardsd@stanford.edu,China,196.219.47.221,6/27/2015
15,Amy,Graham,,China,160.134.86.109,2/21/2015
16,Mary,Banks,mbanksf@vistaprint.com,Estonia,204.249.241.211,8/3/2015
17,Joyce,Thompson,jthompsong@gnu.org,Indonesia,227.203.126.149,7/14/2015
18,Virginia,Mason,,China,39.44.242.4,7/6/2015
19,Justin,Moore,jmoorei@patch.com,Indonesia,54.233.146.57,2/7/2015
20,Michael,Cooper,mcooperj@ucla.edu,Nigeria,191.64.88.207,3/14/2015
21,Jonathan,Ryan,jryank@simplemachines.org,Brazil,138.84.239.115,4/14/2015
22,George,Franklin,gfranklinl@si.edu,Bolivia,177.16.209.80,11/10/2014
23,George,Perry,gperrym@surveymonkey.com,Philippines,85.194.137.7,9/20/2015
24,Clarence,Brooks,,Armenia,71.214.239.192,1/10/2015
25,Lisa,Day,ldayo@cornell.edu,Russia,185.212.7.50,12/10/2014
26,Barbara,Moore,bmoorep@wiley.com,Sweden,218.42.207.79,9/8/2015
27,Ruby,Lane,rlaneq@epa.gov,Indonesia,210.126.81.144,10/11/2015
28,Alan,Wheeler,awheelerr@ocn.ne.jp,Madagascar,78.11.95.153,11/5/2014
29,Ronald,Hamilton,rhamiltons@dagondesign.com,Azerbaijan,210.161.43.109,2/28/2015
30,Craig,Watkins,cwatkinst@seesaa.net,China,39.115.251.37,7/2/2015
31,Irene,Dean,ideanu@ihg.com,China,228.231.145.76,10/28/2014
32,Ruth,Parker,rparkerv@time.com,Italy,253.207.70.114,7/20/2015
33,Linda,Marshall,lmarshallw@netlog.com,China,254.3.99.255,3/10/2015
34,Pamela,Fernandez,pfernandezx@oaic.gov.au,Peru,121.59.155.111,6/3/2015
35,Christopher,Jordan,cjordany@umich.edu,Dominican Republic,39.40.165.175,9/6/2015
36,Susan,Barnes,sbarnesz@facebook.com,Poland,242.174.167.82,5/5/2015
37,Theresa,Moreno,tmoreno10@homestead.com,Ukraine,109.156.26.216,11/23/2014
38,Ernest,Simpson,esimpson11@360.cn,China,65.217.93.148,4/18/2015
39,Alice,Ryan,aryan12@printfriendly.com,Burkina Faso,218.201.130.214,12/7/2014
40,Paula,Wallace,pwallace13@cbslocal.com,Mayotte,10.178.49.100,6/24/2015
41,Elizabeth,Hill,ehill14@dell.com,Argentina,143.93.184.213,7/2/2015
42,Mark,Long,mlong15@umn.edu,Philippines,21.128.126.232,10/15/2014
43,Bobby,Perez,bperez16@tinyurl.com,Panama,249.194.52.126,5/23/2015
44,Jack,Richardson,jrichardson17@elegantthemes.com,Bangladesh,24.12.132.179,4/9/2015
45,Joshua,Little,jlittle18@weibo.com,Indonesia,36.196.33.234,4/27/2015
46,Gerald,Hill,ghill19@devhub.com,Portugal,22.254.19.31,1/25/2015
47,Diana,Shaw,dshaw1a@census.gov,Senegal,8.17.81.32,10/3/2015
48,Lois,Franklin,lfranklin1b@psu.edu,China,206.119.108.176,6/1/2015
49,Helen,Russell,hrussell1c@hhs.gov,Ukraine,85.76.105.13,9/19/2015
50,Mildred,Kim,mkim1d@sciencedaily.com,United States,162.208.253.42,7/10/2015
51,Eric,Anderson,eanderson1e@scientificamerican.com,United States,117.59.20.127,4/16/2015
52,William,Henry,whenry1f@mayoclinic.com,Philippines,186.69.15.38,2/24/2015
53,Sandra,Thomas,sthomas1g@mashable.com,Indonesia,107.184.60.214,3/1/2015
54,Jesse,Dixon,jdixon1h@netvibes.com,Ireland,174.39.130.63,1/12/2015
55,Cheryl,Nichols,cnichols1i@census.gov,Australia,225.81.198.193,9/4/2015
56,Tina,Long,tlong1j@woothemes.com,United States,101.94.70.241,3/16/2015
57,Stephanie,Wheeler,swheeler1k@state.gov,Malaysia,227.24.125.93,9/13/2015
58,Nicole,Elliott,nelliott1l@furl.net,China,148.129.61.67,6/29/2015
59,Russell,Franklin,rfranklin1m@cbc.ca,Brazil,83.136.187.168,12/15/2014
60,Jerry,Russell,jrussell1n@furl.net,China,153.182.169.80,3/31/2015
61,David,Cunningham,dcunningham1o@merriam-webster.com,Honduras,97.118.136.77,4/17/2015
62,Julie,Myers,jmyers1p@cnn.com,Bosnia and Herzegovina,109.226.5.250,12/16/2014
63,Jerry,Henderson,jhenderson1q@spotify.com,China,79.73.180.212,12/30/2014
64,Lawrence,Rice,lrice1r@berkeley.edu,China,12.13.216.207,6/28/2015
65,Teresa,Torres,ttorres1s@123-reg.co.uk,Portugal,159.170.100.144,5/12/2015
66,Doris,Phillips,dphillips1t@is.gd,Poland,233.166.40.138,1/9/2015
67,Gregory,Roberts,groberts1u@opera.com,China,2.117.104.164,11/14/2014
68,Donald,Torres,dtorres1v@army.mil,United States,182.173.163.161,12/5/2014
69,Marilyn,Lewis,mlewis1w@aboutads.info,Mauritius,52.97.52.125,6/4/2015
70,Amanda,Cooper,acooper1x@imageshack.us,China,165.17.91.249,2/2/2015
71,Patricia,Fields,pfields1y@sogou.com,China,132.194.37.57,9/10/2015
72,Matthew,Brooks,mbrooks1z@msn.com,Spain,137.228.230.173,9/6/2015
73,Patrick,Anderson,,Peru,182.64.56.129,4/26/2015
74,Steve,Stephens,,Ireland,155.237.119.234,8/30/2015
75,Joan,Jones,jjones22@ning.com,China,251.172.164.194,3/8/2015
76,Roy,Kennedy,rkennedy23@whitehouse.gov,China,16.6.237.138,11/29/2014
77,Joyce,Shaw,jshaw24@amazon.co.uk,New Zealand,167.21.233.90,4/1/2015
78,Steven,Frazier,sfrazier25@businesswire.com,Japan,164.203.40.235,3/18/2015
79,Joshua,Larson,jlarson26@google.nl,United States,13.180.62.197,8/9/2015
80,Ashley,Gonzalez,,Chile,104.24.118.48,9/6/2015
81,Gerald,Perry,gperry28@google.fr,Indonesia,224.76.13.216,3/1/2015
82,Ruth,Sullivan,rsullivan29@cloudflare.com,Cuba,223.254.197.70,10/22/2014
83,Jonathan,Washington,,China,17.226.156.198,12/15/2014
84,Carlos,George,cgeorge2b@hhs.gov,Czech Republic,237.56.95.0,1/12/2015
85,Martin,Franklin,mfranklin2c@fc2.com,Germany,81.106.67.143,4/10/2015
86,Phillip,Washington,pwashington2d@netscape.com,Madagascar,120.112.99.130,11/14/2014
87,Ruby,Reid,rreid2e@github.io,Senegal,232.101.104.249,7/1/2015
88,Nicole,Mitchell,nmitchell2f@studiopress.com,Indonesia,211.116.7.235,5/8/2015
89,Juan,White,jwhite2g@slate.com,Colombia,206.209.230.61,12/4/2014
90,Mary,Baker,mbaker2h@elpais.com,Poland,234.148.180.19,10/28/2014
91,Pamela,Kelley,pkelley2i@vistaprint.com,Colombia,177.54.216.9,10/6/2015
92,Gregory,Harris,gharris2j@geocities.com,Czech Republic,167.177.51.27,2/27/2015
93,Amanda,Dunn,adunn2k@odnoklassniki.ru,Russia,147.150.14.186,7/6/2015
94,Michelle,Campbell,mcampbell2l@arizona.edu,Russia,72.51.166.12,5/17/2015
95,Brenda,Holmes,bholmes2m@scribd.com,Bangladesh,161.111.139.188,11/1/2014
96,Ruth,Butler,rbutler2n@marketwatch.com,Colombia,92.18.159.36,1/26/2015
97,Lawrence,Vasquez,lvasquez2o@illinois.edu,Indonesia,239.246.247.174,8/28/2015
98,Ryan,Burns,rburns2p@google.nl,Ecuador,34.78.160.130,5/21/2015
99,Laura,Armstrong,larmstrong2q@va.gov,Russia,186.116.100.212,11/4/2014
100,Sean,Rivera,,Sweden,147.100.45.187,6/24/2015
101,Melissa,King,mking2s@seattletimes.com,Russia,143.192.101.116,12/17/2014
102,Bruce,Ellis,,Guatemala,132.140.137.170,11/10/2014
103,Amanda,Holmes,aholmes2u@netlog.com,Madagascar,127.78.93.184,7/16/2015
104,Nancy,Martinez,nmartinez2v@si.edu,China,151.182.240.75,10/12/2014
105,John,Barnes,jbarnes2w@geocities.com,Russia,27.65.234.164,10/22/2014
106,Anthony,Mccoy,amccoy2x@deliciousdays.com,China,220.206.14.104,4/25/2015
107,Lawrence,Schmidt,lschmidt2y@about.me,China,130.3.59.123,4/11/2015
108,Charles,Schmidt,cschmidt2z@foxnews.com,Finland,61.124.78.117,1/16/2015
109,Russell,Mendoza,rmendoza30@ca.gov,Peru,110.106.177.249,5/12/2015
110,Christina,Ryan,cryan31@addtoany.com,China,131.104.121.110,5/9/2015
111,Debra,Woods,dwoods32@squarespace.com,Honduras,236.237.197.81,9/8/2015
112,Lillian,Jones,ljones33@fc2.com,France,104.102.186.36,10/26/2014
113,Ruby,Gordon,rgordon34@naver.com,Saudi Arabia,231.180.187.224,10/21/2014
114,Jeffrey,Meyer,jmeyer35@dropbox.com,China,155.80.28.177,11/19/2014
115,Marilyn,Nguyen,mnguyen36@nifty.com,Argentina,25.158.175.58,6/17/2015
116,Virginia,Garcia,vgarcia37@illinois.edu,Croatia,210.166.17.228,3/12/2015
117,Norma,Dixon,ndixon38@dot.gov,Indonesia,201.132.45.63,6/13/2015
118,Fred,Patterson,fpatterson39@army.mil,Indonesia,130.82.205.235,3/22/2015
119,Jeremy,James,jjames3a@oakley.com,Portugal,68.95.188.126,4/21/2015
120,Virginia,Elliott,velliott3b@wufoo.com,Honduras,74.166.144.12,10/4/2015
121,Samuel,Ford,sford3c@house.gov,Brazil,165.180.138.186,3/8/2015
122,Bruce,Powell,bpowell3d@yale.edu,Burkina Faso,188.171.43.196,10/1/2015
123,Juan,Fernandez,jfernandez3e@howstuffworks.com,France,9.82.194.145,3/7/2015
124,Thomas,Woods,twoods3f@shinystat.com,Poland,75.201.20.5,7/21/2015
125,Joseph,Harris,jharris3g@mozilla.com,Russia,35.235.198.209,10/7/2015
126,Justin,Miller,jmiller3h@mit.edu,China,96.163.20.12,3/31/2015
127,Kathryn,Vasquez,kvasquez3i@acquirethisname.com,Philippines,169.45.132.209,3/6/2015
128,Lori,Watkins,lwatkins3j@toplist.cz,Indonesia,18.216.161.224,1/3/2015
129,Juan,Nichols,jnichols3k@gnu.org,China,177.105.145.28,6/8/2015
130,Alice,Harris,aharris3l@cargocollective.com,Greece,140.237.77.32,2/22/2015
131,Sean,Lee,slee3m@cpanel.net,China,160.118.19.178,4/11/2015
132,Edward,Andrews,eandrews3n@ifeng.com,South Africa,60.242.184.99,5/10/2015
133,Lawrence,Larson,llarson3o@jiathis.com,South Korea,232.24.207.249,3/19/2015
134,Aaron,Long,along3p@shinystat.com,Israel,229.211.6.20,5/18/2015
135,Wanda,Bishop,wbishop3q@is.gd,Portugal,152.0.59.83,12/9/2014
136,Gregory,Williams,gwilliams3r@lycos.com,Japan,143.199.191.10,5/19/2015
137,Charles,Weaver,cweaver3s@linkedin.com,Guatemala,110.189.91.106,12/2/2014
138,Nancy,Spencer,nspencer3t@drupal.org,Mexico,161.180.103.229,12/9/2014
139,Bruce,Bell,bbell3u@stanford.edu,Poland,241.10.187.154,8/12/2015
140,Joshua,Rogers,jrogers3v@google.es,Philippines,84.16.147.29,4/6/2015
141,Annie,Howell,ahowell3w@typepad.com,Peru,192.32.23.18,5/18/2015
142,Carol,Montgomery,cmontgomery3x@amazonaws.com,China,100.155.76.40,8/16/2015
143,Earl,Berry,eberry3y@dell.com,Philippines,189.85.116.5,3/5/2015
144,Carlos,Rodriguez,crodriguez3z@newsvine.com,Russia,167.190.160.209,2/23/2015
145,Donald,Black,dblack40@biblegateway.com,Indonesia,151.70.184.39,9/25/2015
146,Walter,Kim,wkim41@deliciousdays.com,Kenya,135.189.59.243,5/24/2015
147,Ryan,Butler,rbutler42@a8.net,Indonesia,35.7.195.105,4/10/2015
148,Jean,Nichols,jnichols43@tamu.edu,Poland,137.169.103.119,12/9/2014
149,Roger,Medina,rmedina44@amazonaws.com,Germany,97.162.192.247,3/7/2015
150,Ann,Payne,apayne45@vk.com,Malaysia,2.57.166.69,2/28/2015
151,Katherine,Richardson,krichardson46@moonfruit.com,China,73.245.166.126,5/7/2015
152,Kathleen,Reid,kreid47@amazon.de,Austria,29.85.140.177,8/16/2015
153,Steve,Wells,swells48@weibo.com,China,36.9.157.194,9/23/2015
154,Martin,White,mwhite49@networksolutions.com,China,7.234.113.79,5/8/2015
155,Philip,King,pking4a@a8.net,Indonesia,244.43.198.105,2/22/2015
156,Ruby,Chavez,,China,133.34.94.49,3/23/2015
157,Andrea,Graham,agraham4c@mozilla.org,Philippines,195.67.44.159,12/29/2014
158,Julie,Barnes,jbarnes4d@blogs.com,France,170.51.114.30,9/7/2015
159,Louis,Carroll,lcarroll4e@i2i.jp,Indonesia,55.94.1.179,2/8/2015
160,Janet,Oliver,joliver4f@google.de,Indonesia,164.239.157.99,3/28/2015
161,Gerald,Howard,ghoward4g@1und1.de,China,64.191.212.253,2/26/2015
162,Wanda,Bell,wbell4h@eventbrite.com,Sweden,220.8.64.103,10/6/2015
163,Juan,Hill,jhill4i@purevolume.com,China,28.248.207.104,5/21/2015
164,Clarence,Howell,,China,116.247.93.92,9/5/2015
165,Andrew,Sullivan,asullivan4k@cisco.com,Zimbabwe,169.167.183.146,3/17/2015
166,Ralph,Fox,rfox4l@google.ca,Russia,185.143.98.115,9/28/2015
167,Phillip,Lopez,plopez4m@zdnet.com,Indonesia,75.87.176.198,9/14/2015
168,Rebecca,James,rjames4n@phpbb.com,China,85.22.41.96,3/12/2015
169,Harold,Hill,hhill4o@blogtalkradio.com,Palestinian Territory,169.157.27.33,6/5/2015
170,Jesse,Scott,,Colombia,24.69.34.42,5/13/2015
171,Annie,Dean,adean4q@opera.com,China,46.218.188.147,3/25/2015
172,Jesse,Henderson,jhenderson4r@senate.gov,Czech Republic,184.112.65.72,11/12/2014
173,Mark,Hanson,mhanson4s@last.fm,China,7.252.79.27,1/22/2015
174,James,Schmidt,jschmidt4t@nba.com,Honduras,45.57.208.38,5/6/2015
175,Jose,Ford,jford4u@soup.io,Mexico,211.225.124.43,3/28/2015
176,Juan,Carter,jcarter4v@unblog.fr,Czech Republic,77.95.136.65,10/22/2014
177,Martha,Edwards,medwards4w@networksolutions.com,Philippines,169.64.180.47,3/14/2015
178,Harry,Burton,hburton4x@answers.com,Georgia,206.228.148.133,2/8/2015
179,Kevin,Nelson,knelson4y@github.com,Spain,153.43.170.175,11/24/2014
180,Lillian,Burton,lburton4z@cloudflare.com,Thailand,155.181.128.0,10/9/2015
181,Kathleen,Reid,,Indonesia,175.167.219.128,7/6/2015
182,Donna,Hernandez,dhernandez51@wordpress.org,Lithuania,101.214.227.118,10/31/2014
183,Stephanie,Gomez,sgomez52@desdev.cn,Ukraine,18.240.120.158,8/19/2015
184,Nicholas,Morrison,nmorrison53@google.de,China,25.3.9.10,5/10/2015
185,Timothy,Barnes,tbarnes54@cocolog-nifty.com,Brazil,175.10.124.200,4/3/2015
186,Tammy,Green,tgreen55@uol.com.br,Indonesia,246.207.158.228,5/27/2015
187,George,Lee,glee56@wufoo.com,China,150.20.142.130,6/21/2015
188,Rachel,Mason,rmason57@unesco.org,Nigeria,208.223.71.235,12/18/2014
189,Louise,Perry,lperry58@tripadvisor.com,Dominican Republic,127.103.36.163,1/17/2015
190,Philip,Woods,pwoods59@fema.gov,Indonesia,17.80.141.41,5/12/2015
191,Bruce,Barnes,bbarnes5a@umn.edu,Peru,114.131.26.34,2/12/2015
192,Paul,Morrison,pmorrison5b@taobao.com,Mexico,164.142.55.82,6/11/2015
193,Kelly,Burton,kburton5c@smh.com.au,Indonesia,25.139.134.38,2/4/2015
194,Jesse,Romero,jromero5d@jugem.jp,Afghanistan,63.186.216.113,12/4/2014
195,Jesse,Young,jyoung5e@canalblog.com,Poland,119.80.91.76,5/3/2015
196,Anthony,Pierce,apierce5f@joomla.org,Ukraine,76.186.141.20,12/9/2014
197,Jacqueline,Lawrence,jlawrence5g@woothemes.com,China,241.80.175.79,11/9/2014
198,Dorothy,Welch,dwelch5h@google.ru,China,144.9.86.222,8/15/2015
199,Ruth,Washington,rwashington5i@xinhuanet.com,Malaysia,175.67.214.225,1/14/2015
200,Tina,Smith,tsmith5j@apache.org,Mexico,16.242.10.106,3/23/2015
201,Ronald,Hughes,rhughes5k@walmart.com,Indonesia,160.158.15.233,11/15/2014
202,Andrew,Ruiz,aruiz5l@google.it,Netherlands,148.108.202.97,11/25/2014
203,Jacqueline,Gibson,jgibson5m@businessinsider.com,Gabon,72.35.41.111,5/31/2015
204,David,Hernandez,dhernandez5n@narod.ru,China,88.66.43.223,3/20/2015
205,Julie,Fox,jfox5o@squarespace.com,Syria,140.143.14.146,8/5/2015
206,Harold,Lawson,hlawson5p@phpbb.com,France,182.157.93.131,9/1/2015
207,Andrea,Fuller,,Croatia,162.31.219.159,7/5/2015
208,Edward,Rodriguez,erodriguez5r@nationalgeographic.com,Rwanda,163.16.19.136,5/28/2015
209,Joe,Hunter,jhunter5s@shutterfly.com,Kenya,227.90.219.95,3/27/2015
210,Rose,Moore,rmoore5t@soup.io,Indonesia,179.87.51.226,2/5/2015
211,Craig,Ford,cford5u@nytimes.com,China,174.170.172.80,6/24/2015
212,Ryan,Wood,rwood5v@clickbank.net,Japan,40.0.13.89,11/30/2014
213,Edward,Howell,ehowell5w@mysql.com,China,19.156.88.235,8/2/2015
214,William,Washington,wwashington5x@cnbc.com,Brazil,103.47.156.124,9/17/2015
215,Craig,Foster,cfoster5y@mayoclinic.com,Russia,140.115.52.59,11/20/2014
216,David,Nelson,dnelson5z@psu.edu,Russia,183.177.190.105,1/13/2015
217,Diane,Mason,dmason60@vinaora.com,Colombia,11.185.145.51,10/6/2015
218,Tammy,Rogers,,South Korea,104.47.99.109,5/9/2015
219,Gerald,Cunningham,gcunningham62@jiathis.com,China,245.24.155.137,2/26/2015
220,Debra,Price,dprice63@mozilla.com,Brazil,220.175.227.235,3/25/2015
221,Jeffrey,Pierce,jpierce64@si.edu,Ireland,101.98.225.249,6/17/2015
222,Scott,Collins,scollins65@springer.com,Sweden,19.98.35.72,3/13/2015
223,Shawn,Williams,swilliams66@who.int,Indonesia,129.3.192.8,12/23/2014
224,Andrea,Harvey,,Bolivia,113.248.221.90,1/27/2015
225,Diana,Andrews,,Slovenia,107.24.75.10,6/28/2015
226,James,Cox,jcox69@seesaa.net,Portugal,27.36.250.218,7/15/2015
227,Martin,Bailey,mbailey6a@unicef.org,Georgia,165.133.8.48,6/30/2015
228,Gerald,Watkins,gwatkins6b@joomla.org,China,117.159.216.236,8/4/2015
229,Joe,Jacobs,jjacobs6c@godaddy.com,Estonia,208.54.192.167,8/10/2015
230,Donna,Stanley,dstanley6d@godaddy.com,Russia,34.86.97.61,1/28/2015
231,Rebecca,Hudson,rhudson6e@trellian.com,Israel,191.156.252.178,4/11/2015
232,Alice,Howell,,Russia,119.172.141.10,11/27/2014
233,Donald,Hart,dhart6g@berkeley.edu,Ukraine,159.233.123.155,10/3/2015
234,Billy,Robinson,brobinson6h@webs.com,Russia,10.151.157.208,2/28/2015
235,Fred,Black,fblack6i@google.co.uk,Argentina,132.73.29.56,12/6/2014
236,Annie,Rivera,arivera6j@telegraph.co.uk,Kazakhstan,117.146.190.190,2/23/2015
237,Annie,Allen,aallen6k@sciencedirect.com,Indonesia,208.28.92.129,10/4/2015
238,Diana,Reid,dreid6l@google.nl,China,12.57.9.144,8/10/2015
239,Brandon,Nichols,bnichols6m@admin.ch,Japan,250.239.204.16,6/1/2015
240,Laura,Bell,lbell6n@hubpages.com,United States,31.52.174.116,7/28/2015
241,Billy,Hill,bhill6o@oaic.gov.au,Poland,193.119.78.104,11/2/2014
242,Victor,Diaz,vdiaz6p@privacy.gov.au,Serbia,86.139.247.0,5/2/2015
243,Emily,Hernandez,ehernandez6q@wsj.com,Indonesia,143.5.192.94,10/11/2015
244,Sandra,Garza,sgarza6r@ycombinator.com,China,228.224.79.116,1/26/2015
245,Walter,Porter,wporter6s@boston.com,Czech Republic,219.49.37.139,3/26/2015
246,Lisa,Lane,llane6t@fema.gov,China,150.91.129.251,7/14/2015
247,Annie,Jackson,ajackson6u@quantcast.com,France,184.192.78.150,7/19/2015
248,Paul,Hart,phart6v@hexun.com,China,111.247.73.88,7/6/2015
249,Kevin,Ellis,,North Korea,97.75.199.7,7/20/2015
250,Jean,Mason,jmason6x@naver.com,Philippines,131.136.248.90,3/27/2015
251,Willie,Ramos,wramos6y@over-blog.com,Uruguay,58.69.227.225,4/30/2015
252,Bobby,Henderson,bhenderson6z@ocn.ne.jp,Poland,227.99.169.15,12/14/2014
253,Gregory,Vasquez,gvasquez70@goodreads.com,Japan,185.52.68.156,4/27/2015
254,Stephanie,Peterson,speterson71@merriam-webster.com,United States,82.105.61.173,2/23/2015
255,Albert,Kim,akim72@mlb.com,Albania,246.10.89.223,3/20/2015
256,Brenda,Welch,bwelch73@constantcontact.com,Honduras,127.213.192.114,3/4/2015
257,Wanda,Howell,whowell74@ucla.edu,France,246.103.86.164,5/31/2015
258,Juan,Medina,jmedina75@msn.com,Philippines,208.102.179.250,8/30/2015
259,Edward,Simmons,esimmons76@vimeo.com,Tanzania,136.201.252.81,11/16/2014
260,Andrea,Williams,awilliams77@1688.com,Indonesia,222.191.105.186,6/28/2015
261,Philip,Porter,pporter78@xing.com,Philippines,226.145.105.144,6/14/2015
262,Thomas,Sullivan,,Madagascar,11.190.128.58,2/8/2015
263,Brenda,Mason,bmason7a@google.com,China,169.66.124.149,3/1/2015
264,Ernest,Cunningham,ecunningham7b@oakley.com,Macedonia,9.205.47.156,6/29/2015
265,Jose,Barnes,jbarnes7c@hexun.com,China,47.65.217.71,10/20/2014
266,Robin,Simmons,rsimmons7d@usgs.gov,Indonesia,127.181.12.77,9/12/2015
267,Louis,Reynolds,lreynolds7e@ucoz.ru,China,194.96.184.209,5/18/2015
268,Donald,Watson,dwatson7f@dot.gov,Sweden,75.46.201.202,9/1/2015
269,Sara,Ellis,sellis7g@house.gov,Mexico,117.204.167.87,11/25/2014
270,Laura,Gomez,lgomez7h@merriam-webster.com,China,84.124.116.77,8/2/2015
271,Lois,Sullivan,lsullivan7i@unesco.org,Thailand,82.83.157.113,4/4/2015
272,Steven,Fowler,sfowler7j@cdc.gov,Poland,71.10.22.11,9/1/2015
273,Sean,Little,slittle7k@ameblo.jp,Colombia,188.230.154.119,8/7/2015
274,Frank,Taylor,ftaylor7l@mac.com,Peru,111.23.238.180,5/31/2015
275,Nicholas,Austin,naustin7m@cbsnews.com,Canada,89.219.254.107,10/29/2014
276,Emily,Ortiz,eortiz7n@jugem.jp,Indonesia,241.136.160.64,2/23/2015
277,Lois,Greene,lgreene7o@phoca.cz,United States,16.33.88.13,1/11/2015
278,Richard,Edwards,redwards7p@ucoz.ru,Bulgaria,1.174.95.106,4/19/2015
279,Lois,Stevens,lstevens7q@uiuc.edu,Russia,254.20.167.1,6/12/2015
280,Lori,Lynch,llynch7r@biblegateway.com,Kosovo,252.223.136.17,6/4/2015
281,Lori,Gonzalez,lgonzalez7s@house.gov,Greece,243.181.65.146,9/29/2015
282,Sandra,Armstrong,sarmstrong7t@china.com.cn,China,75.182.115.4,9/11/2015
283,Lisa,Knight,lknight7u@example.com,Russia,122.238.64.244,2/5/2015
284,Bruce,Simpson,bsimpson7v@lycos.com,Armenia,43.125.246.94,9/11/2015
285,Harold,Meyer,hmeyer7w@bloomberg.com,Poland,244.35.19.243,8/13/2015
286,Alice,Reynolds,areynolds7x@altervista.org,China,123.106.161.198,9/28/2015
287,Louise,Stanley,lstanley7y@printfriendly.com,Philippines,249.197.19.132,9/23/2015
288,Jessica,Pierce,jpierce7z@wikipedia.org,Philippines,124.187.147.132,2/7/2015
289,Bruce,Fisher,,Finland,165.227.105.231,4/30/2015
290,Edward,Bowman,ebowman81@naver.com,Honduras,99.37.87.129,8/18/2015
291,Jose,Reed,jreed82@plala.or.jp,Sweden,77.176.214.212,7/22/2015
292,Frances,Fisher,ffisher83@businesswire.com,Russia,1.54.38.72,2/13/2015
293,Louis,Woods,lwoods84@parallels.com,Brazil,165.87.101.134,11/27/2014
294,Sean,Little,slittle85@4shared.com,Brazil,103.91.200.100,11/25/2014
295,Alice,Gilbert,agilbert86@geocities.jp,China,51.18.229.83,8/4/2015
296,Juan,Howell,jhowell87@blinklist.com,Indonesia,12.164.251.176,2/13/2015
297,Stephanie,Porter,,Armenia,125.93.170.203,4/2/2015
298,Virginia,Perez,vperez89@myspace.com,Poland,226.64.156.52,3/6/2015
299,Earl,Larson,elarson8a@prnewswire.com,Argentina,166.254.190.17,3/14/2015
300,Willie,Edwards,wedwards8b@mashable.com,Niger,18.34.201.212,7/21/2015
301,Rose,Rivera,rrivera8c@woothemes.com,Reunion,96.231.196.5,5/13/2015
302,Patricia,Jacobs,pjacobs8d@census.gov,Philippines,229.54.53.1,6/18/2015
303,Paul,Allen,pallen8e@wikimedia.org,Cameroon,44.36.122.143,4/28/2015
304,Sandra,Sullivan,ssullivan8f@dell.com,South Africa,194.199.89.18,3/12/2015
305,Julie,Coleman,jcoleman8g@yellowbook.com,Ethiopia,91.228.8.153,12/20/2014
306,Kenneth,Dean,kdean8h@fotki.com,Poland,43.94.181.94,8/25/2015
307,Paul,Burns,pburns8i@youtube.com,Poland,56.72.242.170,12/16/2014
308,Margaret,Hudson,mhudson8j@whitehouse.gov,Poland,59.153.52.177,12/20/2014
309,Brandon,Cunningham,bcunningham8k@indiegogo.com,Estonia,64.45.163.160,5/23/2015
310,Richard,Vasquez,rvasquez8l@tinypic.com,Comoros,181.215.15.165,2/5/2015
311,James,Wells,jwells8m@nps.gov,Brazil,17.18.232.241,8/23/2015
312,Kimberly,Chapman,,China,64.139.92.152,8/22/2015
313,Lois,Cruz,lcruz8o@miibeian.gov.cn,China,98.179.44.54,10/8/2015
314,Shirley,Collins,scollins8p@google.nl,United States,5.33.84.105,7/18/2015
315,Joe,Murphy,jmurphy8q@purevolume.com,Russia,205.108.142.8,2/23/2015
316,Walter,Bowman,wbowman8r@php.net,Japan,188.240.195.177,7/15/2015
317,Howard,Schmidt,hschmidt8s@example.com,Thailand,17.240.108.63,7/20/2015
318,Ann,Arnold,aarnold8t@biglobe.ne.jp,China,227.68.30.93,3/11/2015
319,Norma,Collins,,China,137.103.162.34,2/2/2015
320,Aaron,Sanders,asanders8v@state.gov,China,2.107.14.56,12/2/2014
321,Brandon,Castillo,bcastillo8w@yahoo.co.jp,United States,34.12.117.81,12/23/2014
322,Walter,Flores,wflores8x@delicious.com,Indonesia,21.233.130.45,9/9/2015
323,Eric,Robertson,,China,197.254.144.127,7/15/2015
324,Frances,Sims,fsims8z@businesswire.com,United States,31.223.212.201,10/22/2014
325,Alice,Young,ayoung90@gizmodo.com,Vietnam,120.197.134.75,6/26/2015
326,Justin,Elliott,jelliott91@vinaora.com,Venezuela,78.66.240.252,1/10/2015
327,Ann,Cook,acook92@stanford.edu,Vietnam,208.253.47.18,6/12/2015
328,Marie,Ford,mford93@foxnews.com,Sweden,252.20.149.127,11/23/2014
329,Peter,Roberts,proberts94@ucoz.ru,Sweden,98.128.50.172,4/16/2015
330,Julie,Edwards,jedwards95@sitemeter.com,Azerbaijan,30.126.139.58,9/7/2015
331,Larry,Bell,lbell96@themeforest.net,Finland,229.63.110.42,9/26/2015
332,Sara,Reed,sreed97@netlog.com,Thailand,238.216.125.204,12/5/2014
333,Cheryl,Kelley,ckelley98@ibm.com,Indonesia,109.251.149.205,9/25/2015
334,Jose,Wood,jwood99@webs.com,Indonesia,30.176.98.182,2/26/2015
335,Sean,Woods,swoods9a@thetimes.co.uk,Portugal,177.171.4.62,1/22/2015
336,Daniel,Reynolds,dreynolds9b@usnews.com,Tanzania,177.9.1.137,10/18/2014
337,Elizabeth,Wright,ewright9c@businessweek.com,China,78.225.185.144,6/21/2015
338,Ernest,Hunt,ehunt9d@google.cn,New Zealand,224.165.20.109,3/17/2015
339,Michelle,Sims,msims9e@nature.com,China,25.83.221.240,9/21/2015
340,Joyce,Richardson,jrichardson9f@phoca.cz,Canada,135.165.158.105,6/12/2015
341,Todd,Carter,tcarter9g@plala.or.jp,Bahamas,128.27.18.60,11/26/2014
342,Carolyn,Grant,cgrant9h@scientificamerican.com,Burkina Faso,231.229.60.95,5/20/2015
343,Justin,Bradley,jbradley9i@domainmarket.com,New Zealand,188.124.212.43,8/13/2015
344,Ashley,Dean,adean9j@1688.com,Czech Republic,146.164.229.144,4/19/2015
345,John,Wright,jwright9k@miibeian.gov.cn,Portugal,239.94.134.180,2/9/2015
346,Cynthia,Ford,cford9l@yellowpages.com,Turkmenistan,218.87.255.83,12/27/2014
347,Cheryl,Diaz,cdiaz9m@linkedin.com,United States,62.182.3.21,6/23/2015
348,Willie,Harrison,wharrison9n@cnn.com,Thailand,153.91.178.162,1/4/2015
349,Wayne,Elliott,welliott9o@alibaba.com,Samoa,8.27.14.52,11/3/2014
350,Maria,Freeman,,Philippines,204.203.73.163,8/24/2015
351,Amy,Phillips,aphillips9q@symantec.com,Indonesia,169.244.139.95,8/24/2015
352,Ruby,Romero,rromero9r@edublogs.org,China,118.193.133.22,4/5/2015
353,Kevin,Mills,kmills9s@mediafire.com,Czech Republic,175.138.37.237,12/2/2014
354,Carol,Williamson,,China,253.123.154.111,9/26/2015
355,Arthur,Gonzalez,agonzalez9u@zdnet.com,Canada,97.221.152.187,1/31/2015
356,Stephanie,Freeman,sfreeman9v@gizmodo.com,Indonesia,205.196.134.217,7/7/2015
357,Paul,Simpson,psimpson9w@ehow.com,Denmark,181.17.6.96,3/28/2015
358,Jessica,Williamson,jwilliamson9x@salon.com,France,59.41.111.76,3/23/2015
359,Joe,Jones,,Indonesia,219.115.201.174,4/9/2015
360,Phyllis,Alvarez,palvarez9z@globo.com,Poland,134.17.133.234,12/4/2014
361,Mary,Brooks,mbrooksa0@yahoo.com,Russia,201.211.157.182,9/28/2015
362,Jesse,Torres,jtorresa1@instagram.com,Japan,210.194.162.126,2/23/2015
363,Walter,Dunn,wdunna2@miibeian.gov.cn,Indonesia,236.176.143.34,9/20/2015
364,Julie,Marshall,jmarshalla3@cam.ac.uk,Czech Republic,87.148.9.29,1/1/2015
365,Irene,Torres,itorresa4@ihg.com,Greece,133.239.163.233,11/24/2014
366,Anne,Wagner,awagnera5@yellowbook.com,United States,38.221.68.245,10/3/2015
367,Michael,Jordan,mjordana6@google.cn,Saudi Arabia,101.13.168.158,2/2/2015
368,Lois,Scott,,Guyana,174.195.145.14,2/28/2015
369,Matthew,Fernandez,mfernandeza8@comsenz.com,Turkmenistan,122.253.232.151,9/4/2015
370,Carolyn,Fisher,cfishera9@mediafire.com,Bulgaria,41.8.105.237,9/16/2015
371,Doris,Wells,dwellsaa@time.com,Mexico,192.129.29.253,12/20/2014
372,Craig,Wilson,,Sri Lanka,105.218.107.73,12/27/2014
373,Patricia,Gibson,pgibsonac@mozilla.org,Czech Republic,19.205.4.83,3/31/2015
374,Harry,Fernandez,hfernandezad@elegantthemes.com,Chile,215.35.234.15,7/19/2015
375,Irene,Bradley,ibradleyae@com.com,China,197.74.119.1,4/23/2015
376,Joe,Hanson,jhansonaf@hp.com,Japan,129.143.87.137,3/16/2015
377,Judy,Meyer,jmeyerag@blogger.com,Portugal,168.215.106.56,6/15/2015
378,David,Kelley,dkelleyah@youtube.com,Libya,7.248.30.192,4/21/2015
379,Lori,Jordan,,France,92.117.1.217,4/18/2015
380,Aaron,James,ajamesaj@guardian.co.uk,China,49.253.8.154,6/3/2015
381,Bobby,Morrison,bmorrisonak@about.me,China,128.63.148.162,10/16/2014
382,Jeremy,Ortiz,jortizal@chicagotribune.com,Indonesia,43.126.30.220,10/14/2014
383,Brenda,Fox,bfoxam@walmart.com,South Africa,47.175.201.250,8/9/2015
384,Eric,Matthews,ematthewsan@loc.gov,Ukraine,237.98.185.192,5/23/2015
385,Kimberly,Ross,,Uzbekistan,182.26.150.84,6/11/2015
386,Linda,Ray,lrayap@flickr.com,Russia,17.52.117.75,9/29/2015
387,Marie,Rogers,mrogersaq@tripadvisor.com,Portugal,76.120.62.27,2/27/2015
388,Kathy,Nguyen,knguyenar@tripadvisor.com,Philippines,254.54.75.183,3/16/2015
389,Ralph,Grant,rgrantas@people.com.cn,Russia,179.97.250.70,4/12/2015
390,Carl,Allen,callenat@github.com,Sweden,12.191.125.228,5/15/2015
391,Wanda,Gibson,wgibsonau@vinaora.com,Brazil,233.209.56.10,7/28/2015
392,Catherine,Miller,cmillerav@istockphoto.com,France,121.196.207.128,12/3/2014
393,James,Fuller,jfulleraw@123-reg.co.uk,Brazil,12.186.186.161,12/11/2014
394,Jerry,Bell,jbellax@lulu.com,Yemen,216.25.12.97,8/18/2015
395,Helen,Snyder,hsnyderay@scribd.com,China,96.84.189.200,11/15/2014
396,Gloria,Clark,,France,103.53.231.19,12/6/2014
397,Harold,Harrison,hharrisonb0@photobucket.com,China,6.83.55.252,6/29/2015
398,Sarah,Hudson,shudsonb1@desdev.cn,Russia,15.101.51.55,1/15/2015
399,Ryan,Wells,rwellsb2@mozilla.org,Canada,143.48.228.9,1/3/2015
400,Ernest,Kelly,ekellyb3@msu.edu,China,203.175.130.232,7/11/2015
401,Kathleen,Perry,kperryb4@oaic.gov.au,Portugal,163.134.48.61,1/18/2015
402,Mary,Hudson,mhudsonb5@mozilla.org,Canada,87.226.170.70,6/14/2015
403,Sara,Flores,sfloresb6@topsy.com,Philippines,99.38.58.167,2/2/2015
404,George,Arnold,garnoldb7@umn.edu,Bulgaria,73.43.94.20,3/24/2015
405,Theresa,Welch,twelchb8@yellowpages.com,Czech Republic,245.21.11.236,9/4/2015
406,Shawn,Lynch,slynchb9@china.com.cn,Peru,151.127.165.10,1/2/2015
407,Raymond,Robertson,rrobertsonba@plala.or.jp,Russia,236.4.61.231,8/19/2015
408,Carl,Long,clongbb@sciencedaily.com,Netherlands,220.12.40.14,8/14/2015
409,Jane,Ross,jrossbc@stanford.edu,Russia,177.110.231.125,12/3/2014
410,Betty,Romero,bromerobd@topsy.com,Russia,84.144.64.111,7/20/2015
411,Carol,Young,cyoungbe@paginegialle.it,China,250.110.239.66,1/23/2015
412,Clarence,Austin,caustinbf@fotki.com,South Africa,122.133.1.248,2/4/2015
413,Phillip,Franklin,pfranklinbg@fotki.com,France,66.155.6.182,10/5/2015
414,Kimberly,Boyd,kboydbh@ezinearticles.com,South Korea,248.83.138.119,12/21/2014
415,Irene,Riley,irileybi@shareasale.com,Greece,75.212.255.96,5/10/2015
416,Diane,Shaw,dshawbj@instagram.com,Vietnam,174.42.114.77,7/22/2015
417,Jacqueline,Perkins,,Germany,138.72.121.211,9/30/2015
418,Joshua,Dunn,jdunnbl@plala.or.jp,United Kingdom,201.211.156.129,6/26/2015
419,Tammy,Gutierrez,tgutierrezbm@ning.com,Indonesia,131.1.239.51,3/8/2015
420,Steve,Campbell,scampbellbn@tinyurl.com,East Timor,228.187.53.35,3/24/2015
421,Jesse,Garrett,jgarrettbo@google.it,Russia,21.69.41.31,4/20/2015
422,Frances,Sanders,fsandersbp@macromedia.com,Finland,150.116.232.100,4/27/2015
423,Randy,Ford,rfordbq@jalbum.net,Palestinian Territory,131.117.237.138,1/8/2015
424,Cheryl,Davis,cdavisbr@intel.com,Egypt,54.53.163.196,7/14/2015
425,Carolyn,Grant,cgrantbs@typepad.com,Portugal,97.156.117.179,2/13/2015
426,Stephen,Dixon,sdixonbt@soup.io,United States,237.89.114.70,7/5/2015
427,Edward,Burns,eburnsbu@go.com,Portugal,168.177.76.70,11/10/2014
428,Eugene,Williamson,ewilliamsonbv@apple.com,Guatemala,237.26.190.220,7/14/2015
429,Kenneth,Woods,kwoodsbw@craigslist.org,Indonesia,177.129.30.200,10/3/2015
430,Robin,Hansen,rhansenbx@nyu.edu,China,76.117.147.101,2/24/2015
431,Todd,Mendoza,tmendozaby@ibm.com,Saudi Arabia,215.204.52.250,3/19/2015
432,Wayne,Young,wyoungbz@gov.uk,North Korea,56.77.227.83,8/27/2015
433,Todd,Morales,tmoralesc0@who.int,Benin,225.124.251.158,3/4/2015
434,Willie,Burke,wburkec1@github.io,China,54.216.69.15,2/5/2015
435,Anna,Chapman,achapmanc2@altervista.org,Egypt,81.45.51.184,1/17/2015
436,Edward,Gray,egrayc3@gmpg.org,Latvia,234.171.151.177,8/14/2015
437,Theresa,Porter,,China,56.48.245.253,1/26/2015
438,Christine,Lopez,clopezc5@china.com.cn,Mongolia,228.82.255.173,2/16/2015
439,Nicole,Moreno,nmorenoc6@utexas.edu,China,159.27.114.129,6/7/2015
440,Beverly,Carpenter,bcarpenterc7@wisc.edu,Iran,221.73.242.173,8/13/2015
441,Dorothy,Henderson,dhendersonc8@illinois.edu,Turkey,187.158.125.172,12/26/2014
442,Bonnie,Diaz,bdiazc9@youtu.be,Lesotho,28.164.20.75,6/15/2015
443,Virginia,Adams,vadamsca@ca.gov,Portugal,191.199.189.47,6/9/2015
444,Jason,Alexander,jalexandercb@chronoengine.com,Ukraine,25.50.198.97,6/18/2015
445,Frances,Bowman,fbowmancc@eepurl.com,Philippines,155.15.181.145,8/20/2015
446,Daniel,Allen,dallencd@w3.org,Indonesia,180.109.125.2,12/17/2014
447,Linda,Franklin,,Indonesia,92.157.102.157,1/28/2015
448,John,Hughes,jhughescf@t.co,Czech Republic,183.102.176.105,3/7/2015
449,Laura,Stanley,lstanleycg@myspace.com,Luxembourg,50.223.68.53,6/24/2015
450,Melissa,Fowler,,Afghanistan,178.160.252.208,12/25/2014
451,Jean,George,jgeorgeci@cbc.ca,Thailand,52.93.191.177,3/9/2015
452,Patricia,Gonzales,pgonzalescj@vk.com,Costa Rica,185.14.224.169,6/18/2015
453,Harry,Burke,hburkeck@tripadvisor.com,China,242.175.183.16,8/26/2015
454,Beverly,Turner,bturnercl@cnet.com,Thailand,36.253.200.103,9/30/2015
455,William,Lane,wlanecm@ifeng.com,China,84.121.166.127,6/22/2015
456,Judith,Alvarez,jalvarezcn@bloglovin.com,Philippines,19.173.128.79,1/6/2015
457,Daniel,Smith,dsmithco@domainmarket.com,Netherlands,215.151.111.228,10/11/2015
458,Andrew,Jordan,ajordancp@unicef.org,Brazil,150.167.26.233,11/15/2014
459,Marilyn,Welch,mwelchcq@tripadvisor.com,Indonesia,133.54.192.39,7/19/2015
460,Julia,Oliver,jolivercr@cargocollective.com,Ukraine,223.217.52.21,3/31/2015
461,Roger,Mills,rmillscs@networkadvertising.org,Philippines,55.31.147.23,1/20/2015
462,Annie,Lane,alanect@indiegogo.com,Japan,76.35.81.57,10/10/2015
463,Anthony,Webb,awebbcu@github.io,Ukraine,175.5.40.98,4/23/2015
464,Anne,Watson,awatsoncv@foxnews.com,Nigeria,225.211.211.10,2/17/2015
465,Gregory,Cole,gcolecw@domainmarket.com,China,73.25.94.194,11/2/2014
466,Brenda,Bennett,bbennettcx@netvibes.com,Argentina,206.82.14.124,12/8/2014
467,Jimmy,Burton,jburtoncy@sakura.ne.jp,Philippines,189.126.12.160,5/18/2015
468,Irene,Daniels,idanielscz@cafepress.com,Croatia,165.83.7.42,8/16/2015
469,Robert,Gray,rgrayd0@hostgator.com,Syria,149.80.124.156,7/27/2015
470,Nicole,Hernandez,nhernandezd1@1und1.de,France,249.201.201.91,8/5/2015
471,Matthew,Greene,mgreened2@gizmodo.com,Philippines,162.35.177.85,5/15/2015
472,Jennifer,Thomas,jthomasd3@furl.net,France,226.120.21.241,5/3/2015
473,Teresa,Gonzales,tgonzalesd4@mail.ru,Vietnam,116.145.108.167,10/8/2015
474,John,Weaver,jweaverd5@timesonline.co.uk,China,10.174.236.148,8/26/2015
475,Stephanie,Fields,sfieldsd6@godaddy.com,Brazil,9.119.118.40,7/11/2015
476,Martin,Fernandez,mfernandezd7@ftc.gov,Portugal,243.25.233.77,8/9/2015
477,Samuel,White,swhited8@slate.com,Malaysia,155.42.166.21,8/18/2015
478,Lois,Garza,lgarzad9@google.nl,Czech Republic,181.109.71.13,6/24/2015
479,Alice,Schmidt,aschmidtda@clickbank.net,China,85.108.235.100,8/28/2015
480,Steve,Jenkins,sjenkinsdb@seesaa.net,United States,70.240.246.152,5/11/2015
481,Gregory,Young,gyoungdc@phpbb.com,Philippines,157.115.177.246,3/7/2015
482,Jack,Hudson,jhudsondd@washington.edu,Portugal,18.161.27.222,4/4/2015
483,Harry,Hill,hhillde@ebay.com,China,193.36.139.177,3/30/2015
484,Anne,Armstrong,aarmstrongdf@cam.ac.uk,Iran,99.26.207.183,4/9/2015
485,Louise,Hunt,lhuntdg@linkedin.com,China,53.203.182.61,9/30/2015
486,Jimmy,Pierce,jpiercedh@eventbrite.com,Portugal,116.117.27.251,12/27/2014
487,Craig,Peters,cpetersdi@tinypic.com,China,128.23.34.4,1/28/2015
488,Heather,Anderson,handersondj@ucoz.ru,Portugal,85.247.46.105,1/20/2015
489,Matthew,Sullivan,msullivandk@tripadvisor.com,Honduras,181.75.96.192,10/25/2014
490,Christine,Johnson,cjohnsondl@utexas.edu,Democratic Republic of the Congo,1.59.178.38,10/1/2015
491,Jean,Morgan,jmorgandm@shareasale.com,Sweden,206.60.232.98,5/29/2015
492,Tammy,Webb,twebbdn@51.la,Benin,120.96.209.59,6/13/2015
493,Gloria,Sanders,gsandersdo@e-recht24.de,Colombia,82.75.235.29,12/31/2014
494,Joe,Dunn,jdunndp@irs.gov,Portugal,152.156.19.237,7/27/2015
495,Lori,Ellis,lellisdq@shinystat.com,Ghana,103.50.80.146,1/3/2015
496,Kathy,Ross,krossdr@unicef.org,China,160.186.229.175,3/30/2015
497,Sharon,Ramirez,sramirezds@yandex.ru,Comoros,138.67.25.67,2/4/2015
498,Marie,Arnold,marnolddt@1688.com,China,178.106.223.45,1/26/2015
499,Nicholas,Harvey,,Slovenia,223.160.222.97,11/12/2014
500,Dorothy,Robinson,drobinsondv@seesaa.net,Indonesia,234.10.37.250,3/31/2015
501,Diane,Jacobs,,Pakistan,170.215.235.27,6/1/2015
502,Carol,Burton,cburtondx@weibo.com,Dominican Republic,202.126.236.39,2/28/2015
503,Frances,Fisher,ffisherdy@spiegel.de,Portugal,250.17.114.230,12/31/2014
504,Elizabeth,Alvarez,ealvarezdz@ezinearticles.com,Sweden,77.132.156.86,1/23/2015
505,Howard,Howell,hhowelle0@xing.com,Brazil,124.45.196.5,3/2/2015
506,Harold,Richardson,hrichardsone1@examiner.com,Portugal,158.193.253.117,3/28/2015
507,Ruth,Butler,rbutlere2@hao123.com,Latvia,83.64.27.128,7/31/2015
508,Mark,Burton,mburtone3@umich.edu,China,247.240.58.91,7/25/2015
509,Christine,Kelly,ckellye4@indiatimes.com,Greece,167.196.217.91,1/13/2015
510,Larry,Martin,lmartine5@si.edu,Kazakhstan,78.5.218.125,6/4/2015
511,Sarah,Howell,showelle6@cbc.ca,Sweden,0.36.54.93,2/20/2015
512,Fred,Owens,,China,45.150.196.153,11/20/2014
513,Willie,Dean,,Russia,188.90.54.243,5/3/2015
514,William,Harrison,wharrisone9@mail.ru,Serbia,56.229.193.234,3/5/2015
515,Tammy,Scott,tscottea@chron.com,Poland,14.200.22.78,10/14/2014
516,Angela,Hunt,ahunteb@cam.ac.uk,China,41.79.226.100,1/14/2015
517,Nicholas,Jackson,njacksonec@epa.gov,Mexico,162.169.215.186,6/25/2015
518,Diane,Wilson,dwilsoned@etsy.com,Japan,145.183.143.91,6/12/2015
519,Debra,Gonzales,,Portugal,111.179.210.106,11/30/2014
520,Marie,Allen,mallenef@psu.edu,Brazil,128.21.13.146,11/5/2014
521,Joshua,Young,jyoungeg@businessinsider.com,Indonesia,13.156.210.78,10/8/2015
522,Albert,Weaver,aweavereh@ft.com,United States,243.216.160.177,1/28/2015
523,Christina,Rodriguez,crodriguezei@ihg.com,Indonesia,133.182.129.162,7/12/2015
524,Andrew,Collins,acollinsej@wufoo.com,Sweden,127.252.251.250,5/31/2015
525,Maria,Duncan,,France,17.179.100.13,5/21/2015
526,Bruce,Fisher,bfisherel@unblog.fr,Russia,154.68.95.119,1/27/2015
527,Alan,Crawford,acrawfordem@imdb.com,Cyprus,67.227.199.153,2/26/2015
528,Kelly,Bailey,kbaileyen@cdc.gov,Egypt,59.88.11.74,8/22/2015
529,Douglas,Watkins,dwatkinseo@state.tx.us,Brazil,83.31.189.166,6/19/2015
530,Jonathan,Mccoy,jmccoyep@nasa.gov,China,119.32.0.96,9/12/2015
531,Alan,Bennett,,Montenegro,95.125.51.59,6/15/2015
532,Wanda,Harrison,wharrisoner@oaic.gov.au,Argentina,86.104.14.165,12/12/2014
533,Matthew,Arnold,,China,6.149.156.111,1/4/2015
534,Marilyn,Reid,mreidet@jugem.jp,Comoros,56.185.194.8,5/19/2015
535,Andrea,Vasquez,,Slovenia,213.209.76.57,6/8/2015
536,Ryan,Richardson,rrichardsonev@hp.com,Portugal,64.80.81.221,5/25/2015
537,Doris,Simpson,dsimpsonew@upenn.edu,Cuba,220.17.185.119,7/5/2015
538,Anna,Frazier,afrazierex@posterous.com,Philippines,50.237.209.109,5/24/2015
539,Rachel,Lee,rleeey@imdb.com,Yemen,233.131.223.82,6/11/2015
540,Peter,Sanders,psandersez@uol.com.br,Serbia,188.211.0.151,4/17/2015
541,Kathleen,Alexander,kalexanderf0@163.com,Indonesia,106.160.81.128,2/8/2015
542,Peter,Bryant,pbryantf1@adobe.com,Ukraine,49.80.118.136,5/29/2015
543,Amanda,Baker,abakerf2@dell.com,Peru,176.174.39.100,1/9/2015
544,Joseph,Ramos,jramosf3@de.vu,Argentina,52.13.25.171,4/7/2015
545,Douglas,Sanchez,dsanchezf4@istockphoto.com,Syria,226.107.227.1,11/13/2014
546,Bruce,Dean,bdeanf5@ucsd.edu,China,216.5.214.2,3/1/2015
547,Lillian,Morris,lmorrisf6@live.com,Iran,161.46.196.124,4/12/2015
548,William,Gonzalez,wgonzalezf7@nih.gov,Ukraine,18.79.108.24,10/19/2014
549,Jerry,Patterson,jpattersonf8@w3.org,Thailand,210.104.14.59,5/13/2015
550,Arthur,Schmidt,aschmidtf9@yale.edu,China,46.76.193.1,5/12/2015
551,Annie,Sanders,asandersfa@unicef.org,Poland,51.5.117.64,4/26/2015
552,Jimmy,Little,jlittlefb@lulu.com,Estonia,96.139.65.240,5/6/2015
553,Brenda,Parker,bparkerfc@slideshare.net,Russia,28.84.24.77,11/14/2014
554,Daniel,Young,dyoungfd@ted.com,Philippines,74.105.179.136,11/25/2014
555,Jason,James,jjamesfe@newyorker.com,Egypt,193.12.181.48,9/3/2015
556,Robert,Fox,rfoxff@businessinsider.com,Kyrgyzstan,42.217.166.8,5/2/2015
557,Carl,Boyd,cboydfg@unblog.fr,Botswana,11.167.171.154,6/5/2015
558,Richard,Richards,rrichardsfh@cisco.com,Russia,54.157.197.146,12/27/2014
559,Johnny,Anderson,,China,70.187.156.130,2/27/2015
560,Heather,Martinez,hmartinezfj@mysql.com,Russia,13.233.67.146,2/12/2015
561,Patricia,Bailey,pbaileyfk@opera.com,Pakistan,111.18.68.245,5/4/2015
562,Diane,Rice,dricefl@uiuc.edu,Montenegro,162.136.254.131,12/2/2014
563,Gary,Jackson,gjacksonfm@networksolutions.com,China,109.85.239.197,9/12/2015
564,Jean,Jackson,,Philippines,21.140.114.16,10/27/2014
565,Roger,Collins,rcollinsfo@vimeo.com,Palestinian Territory,138.109.116.98,6/25/2015
566,Sandra,Kennedy,skennedyfp@virginia.edu,Swaziland,167.57.227.24,3/1/2015
567,Justin,Rice,jricefq@addtoany.com,China,112.152.50.30,2/12/2015
568,Robin,Reed,rreedfr@altervista.org,Poland,220.109.248.42,3/29/2015
569,William,Wheeler,wwheelerfs@canalblog.com,United States,16.200.107.113,10/3/2015
570,Edward,Johnson,,Peru,65.131.180.190,10/8/2015
571,Lawrence,Ray,,Philippines,136.175.205.243,12/11/2014
572,Shirley,Bennett,sbennettfv@merriam-webster.com,France,230.254.240.239,2/15/2015
573,Kenneth,Mcdonald,kmcdonaldfw@1688.com,Philippines,65.85.183.61,10/24/2014
574,Lori,Welch,lwelchfx@aol.com,Russia,119.121.133.114,9/11/2015
575,Fred,Hicks,fhicksfy@delicious.com,Croatia,110.190.150.71,10/11/2015
576,Cheryl,Berry,cberryfz@archive.org,Peru,2.22.113.110,10/17/2014
577,Rebecca,Myers,rmyersg0@samsung.com,Tanzania,50.18.252.95,1/19/2015
578,Elizabeth,Wallace,ewallaceg1@amazon.com,Indonesia,40.81.80.9,12/14/2014
579,Ruth,Jacobs,rjacobsg2@goo.gl,Russia,20.198.188.129,9/13/2015
580,Dorothy,Foster,dfosterg3@redcross.org,Czech Republic,32.93.193.243,2/12/2015
581,Melissa,Jacobs,mjacobsg4@pcworld.com,Indonesia,173.160.249.206,3/28/2015
582,Mark,Moore,mmooreg5@apache.org,Uganda,253.65.194.202,1/12/2015
583,Jack,Anderson,jandersong6@youku.com,El Salvador,65.107.163.164,8/28/2015
584,Julia,Adams,jadamsg7@indiegogo.com,China,180.253.53.133,10/17/2014
585,Peter,Tucker,ptuckerg8@senate.gov,Lithuania,251.135.80.218,8/2/2015
586,Christina,Stanley,cstanleyg9@amazon.co.uk,Malta,20.232.59.73,8/25/2015
587,Thomas,Palmer,,Argentina,155.232.229.146,11/17/2014
588,Charles,Simpson,csimpsongb@upenn.edu,Kyrgyzstan,236.228.127.75,4/1/2015
589,Janice,Patterson,jpattersongc@hp.com,Philippines,225.133.152.106,9/19/2015
590,Martin,Knight,mknightgd@go.com,United States,11.96.65.205,12/12/2014
591,Larry,Jackson,ljacksonge@woothemes.com,China,134.15.73.125,11/23/2014
592,Theresa,Crawford,,China,22.47.2.16,2/10/2015
593,Lori,Edwards,ledwardsgg@smh.com.au,Indonesia,78.188.119.137,8/11/2015
594,Craig,Montgomery,cmontgomerygh@stumbleupon.com,Indonesia,15.0.245.49,8/12/2015
595,Gary,Cole,gcolegi@cafepress.com,France,39.137.209.215,10/14/2014
596,Russell,Mills,rmillsgj@hibu.com,Sweden,29.178.35.183,9/21/2015
597,Sharon,Meyer,smeyergk@webs.com,Japan,108.8.213.46,1/8/2015
598,Wayne,Stone,wstonegl@ft.com,Peru,82.144.83.26,12/20/2014
599,Gregory,Bennett,gbennettgm@usatoday.com,Turkmenistan,3.47.27.213,12/1/2014
600,Sandra,Bryant,sbryantgn@amazon.de,Indonesia,213.42.104.6,4/6/2015
601,Helen,Oliver,holivergo@webs.com,Poland,77.141.38.27,1/15/2015
602,Betty,Parker,bparkergp@prlog.org,Canada,33.57.244.250,4/23/2015
603,George,Murray,gmurraygq@exblog.jp,France,226.102.232.169,6/28/2015
604,Elizabeth,Austin,eaustingr@imgur.com,United States,159.75.33.52,11/9/2014
605,Emily,Burke,eburkegs@omniture.com,Philippines,39.79.101.188,3/7/2015
606,Cheryl,Knight,cknightgt@facebook.com,Argentina,125.48.60.128,8/31/2015
607,Irene,Bowman,ibowmangu@netscape.com,Indonesia,58.121.96.220,8/2/2015
608,Jimmy,Woods,jwoodsgv@amazonaws.com,Ukraine,145.226.210.169,7/28/2015
609,Rebecca,James,rjamesgw@cpanel.net,China,126.81.65.46,6/3/2015
610,Barbara,Richardson,brichardsongx@blinklist.com,Lithuania,120.10.31.187,2/9/2015
611,Alan,Andrews,aandrewsgy@godaddy.com,United States,114.227.123.235,3/16/2015
612,Carl,Sullivan,csullivangz@si.edu,Japan,190.4.110.227,11/17/2014
613,Cynthia,Ramirez,cramirezh0@arizona.edu,China,121.66.153.76,1/16/2015
614,Jane,Hall,jhallh1@webeden.co.uk,Indonesia,187.238.105.182,10/28/2014
615,Fred,Hunt,fhunth2@ucoz.com,Japan,245.224.37.82,9/14/2015
616,Betty,Little,blittleh3@vinaora.com,South Korea,2.169.219.105,9/10/2015
617,Irene,Larson,ilarsonh4@abc.net.au,China,24.221.36.169,4/18/2015
618,Evelyn,Olson,eolsonh5@ow.ly,France,148.250.154.121,4/4/2015
619,Patricia,Ramos,pramosh6@google.com.hk,Portugal,144.195.250.210,12/8/2014
620,Emily,Harris,eharrish7@abc.net.au,Russia,248.3.20.186,7/7/2015
621,Mary,Meyer,mmeyerh8@google.es,China,15.133.186.31,5/28/2015
622,Elizabeth,Hunt,ehunth9@ft.com,Malawi,65.171.60.1,10/5/2015
623,Larry,Cooper,lcooperha@hostgator.com,Sweden,100.106.104.34,9/17/2015
624,Janice,Gordon,jgordonhb@squarespace.com,Australia,100.6.59.143,1/4/2015
625,Randy,Wheeler,rwheelerhc@fastcompany.com,Turkmenistan,171.117.143.206,10/12/2014
626,Paula,Ortiz,portizhd@addthis.com,Poland,229.151.224.253,6/21/2015
627,Louis,Cox,lcoxhe@tinyurl.com,China,218.2.14.115,5/30/2015
628,Jack,Griffin,jgriffinhf@ucoz.com,Uzbekistan,107.59.61.87,11/27/2014
629,Evelyn,Gutierrez,egutierrezhg@census.gov,Colombia,88.130.32.37,10/11/2015
630,Howard,Phillips,hphillipshh@army.mil,Canada,34.45.41.197,8/14/2015
631,Cheryl,Mcdonald,,Netherlands,119.116.206.17,10/14/2014
632,Margaret,Mccoy,mmccoyhj@flickr.com,France,41.89.93.181,8/4/2015
633,Todd,Johnson,tjohnsonhk@cmu.edu,Nepal,175.160.140.130,2/6/2015
634,Anna,Garrett,agarretthl@reverbnation.com,Estonia,56.242.34.122,12/22/2014
635,Pamela,Lawson,plawsonhm@odnoklassniki.ru,Nigeria,187.1.202.20,7/3/2015
636,Edward,Russell,erussellhn@cbslocal.com,China,51.135.193.146,5/29/2015
637,Carl,Lawrence,clawrenceho@taobao.com,Finland,69.127.122.41,8/16/2015
638,Betty,Hamilton,bhamiltonhp@cnn.com,Poland,231.32.231.63,12/18/2014
639,Amy,Campbell,acampbellhq@tinypic.com,China,101.125.138.223,10/10/2015
640,Michelle,Romero,,New Caledonia,68.234.33.132,5/29/2015
641,Mary,Welch,mwelchhs@woothemes.com,France,132.113.51.217,2/16/2015
642,Robin,Riley,,Philippines,239.21.218.3,2/9/2015
643,Annie,Barnes,,Czech Republic,33.130.221.234,12/29/2014
644,Janice,Perkins,jperkinshv@usa.gov,Estonia,100.20.222.197,5/11/2015
645,Alan,Flores,afloreshw@list-manage.com,Belarus,214.91.74.200,6/24/2015
646,Robin,Ellis,rellishx@seattletimes.com,Russia,42.126.236.198,4/23/2015
647,Betty,Vasquez,bvasquezhy@craigslist.org,Indonesia,31.205.50.2,5/27/2015
648,Henry,Turner,hturnerhz@netscape.com,Canada,154.254.52.243,2/11/2015
649,Julie,Chavez,jchavezi0@webmd.com,China,24.193.231.79,11/22/2014
650,Wayne,Andrews,wandrewsi1@youtu.be,China,179.252.131.241,1/22/2015
651,Sean,Gomez,sgomezi2@weibo.com,Vietnam,141.148.3.18,11/20/2014
652,Joseph,Chapman,jchapmani3@bloomberg.com,China,177.95.248.219,6/27/2015
653,Jean,Robinson,jrobinsoni4@joomla.org,Norway,182.42.160.250,5/20/2015
654,Mary,Jacobs,,China,167.31.103.72,1/23/2015
655,Joseph,Kim,jkimi6@cbslocal.com,Indonesia,209.145.253.1,6/30/2015
656,Amy,Murphy,amurphyi7@miitbeian.gov.cn,France,118.179.136.162,8/18/2015
657,Mark,Carroll,mcarrolli8@washingtonpost.com,China,55.80.110.30,12/18/2014
658,Laura,Payne,lpaynei9@buzzfeed.com,Russia,118.28.74.204,12/28/2014
659,Terry,Dean,tdeania@ezinearticles.com,France,179.253.208.83,11/6/2014
660,Kathryn,Williams,kwilliamsib@fema.gov,China,136.133.162.251,2/3/2015
661,Ernest,Pierce,epierceic@loc.gov,Sweden,132.80.76.142,1/30/2015
662,Melissa,Rodriguez,mrodriguezid@barnesandnoble.com,Cambodia,160.148.137.163,7/22/2015
663,Anne,Peterson,apetersonie@msn.com,Indonesia,164.225.157.161,2/26/2015
664,Ashley,Diaz,adiazif@fema.gov,Russia,64.8.255.199,7/15/2015
665,Thomas,Thomas,tthomasig@ucsd.edu,China,210.11.191.129,10/8/2015
666,Robert,Pierce,rpierceih@e-recht24.de,Indonesia,240.68.61.148,5/4/2015
667,Edward,Richards,erichardsii@amazon.co.jp,Azerbaijan,233.65.177.93,9/28/2015
668,Michelle,George,,France,122.14.41.172,2/11/2015
669,Larry,Montgomery,lmontgomeryik@shop-pro.jp,Brazil,61.116.100.168,3/24/2015
670,Randy,Vasquez,,Czech Republic,107.152.139.140,11/9/2014
671,Gary,Lane,glaneim@yellowbook.com,Argentina,196.204.37.249,5/20/2015
672,Justin,Wright,jwrightin@apache.org,Portugal,130.223.240.166,3/22/2015
673,Thomas,Nichols,tnicholsio@dion.ne.jp,Macedonia,68.109.229.3,6/3/2015
674,Betty,Franklin,bfranklinip@wisc.edu,Indonesia,28.95.90.170,6/8/2015
675,Keith,Black,kblackiq@examiner.com,Indonesia,89.87.198.25,10/27/2014
676,Carolyn,Mitchell,cmitchellir@creativecommons.org,Philippines,179.131.5.171,10/2/2015
677,Michael,Burton,mburtonis@reddit.com,Laos,63.49.223.133,10/13/2014
678,Russell,Vasquez,rvasquezit@uol.com.br,Indonesia,173.15.10.74,6/27/2015
679,Marie,Moore,mmooreiu@google.fr,Honduras,97.68.180.250,1/16/2015
680,Anna,Rodriguez,arodrigueziv@arizona.edu,Sweden,42.173.129.244,1/30/2015
681,Diana,Mccoy,dmccoyiw@delicious.com,Ghana,75.181.168.173,9/16/2015
682,Virginia,Ryan,vryanix@columbia.edu,Russia,231.192.140.39,11/16/2014
683,Arthur,Fox,afoxiy@ftc.gov,Brazil,250.100.2.255,5/27/2015
684,Donna,James,djamesiz@pbs.org,Thailand,179.36.250.182,8/28/2015
685,Mildred,Robertson,mrobertsonj0@plala.or.jp,Cameroon,44.45.156.192,11/30/2014
686,Randy,Holmes,,Indonesia,73.83.76.112,5/14/2015
687,Todd,Wells,twellsj2@wisc.edu,Ethiopia,129.244.252.89,7/11/2015
688,Sara,Banks,sbanksj3@paypal.com,France,108.142.108.239,12/15/2014
689,David,Lopez,,Indonesia,146.220.210.99,9/4/2015
690,Brian,Adams,badamsj5@addtoany.com,Sweden,147.234.215.154,4/11/2015
691,Debra,Grant,dgrantj6@nhs.uk,Peru,172.234.184.156,8/9/2015
692,Jack,Grant,jgrantj7@gravatar.com,Russia,39.110.107.252,1/19/2015
693,Barbara,Bowman,bbowmanj8@de.vu,Azerbaijan,184.15.192.51,3/13/2015
694,Elizabeth,Carter,ecarterj9@ow.ly,China,241.93.198.248,5/22/2015
695,Susan,Russell,srussellja@mlb.com,Poland,66.117.153.40,12/2/2014
696,Beverly,Reynolds,breynoldsjb@unblog.fr,Brazil,17.42.64.177,4/11/2015
697,Harry,Rose,hrosejc@tinyurl.com,Poland,147.200.127.249,11/30/2014
698,Ruby,Miller,rmillerjd@state.tx.us,Philippines,79.151.44.122,7/16/2015
699,Jane,Schmidt,jschmidtje@state.tx.us,Russia,54.66.29.27,4/12/2015
700,Anthony,Cunningham,acunninghamjf@phoca.cz,Peru,9.16.159.253,2/27/2015
701,Phyllis,Thomas,pthomasjg@canalblog.com,Finland,25.134.152.212,7/27/2015
702,Gary,Cole,,Japan,207.18.230.181,8/2/2015
703,Frank,Ramirez,framirezji@indiatimes.com,Indonesia,117.199.141.176,6/17/2015
704,Deborah,Roberts,drobertsjj@hibu.com,China,113.215.145.33,8/3/2015
705,Jennifer,Andrews,jandrewsjk@umich.edu,Finland,93.22.48.186,7/21/2015
706,Cheryl,Kelly,ckellyjl@1und1.de,Philippines,103.159.19.243,11/24/2014
707,Nancy,Medina,,Latvia,91.169.194.138,12/3/2014
708,Paul,Gardner,pgardnerjn@amazon.de,Poland,41.73.8.210,7/20/2015
709,Robin,Willis,rwillisjo@ft.com,Indonesia,207.77.4.254,11/1/2014
710,Phyllis,Wilson,,China,186.240.146.112,6/8/2015
711,David,Carroll,,United States,68.198.147.118,9/11/2015
712,Thomas,Fernandez,tfernandezjr@angelfire.com,China,168.86.209.108,12/3/2014
713,Jesse,Weaver,jweaverjs@scientificamerican.com,Cameroon,17.100.36.255,4/29/2015
714,Cheryl,Robertson,crobertsonjt@uiuc.edu,Sweden,219.118.172.183,4/3/2015
715,Ann,Ross,arossju@washingtonpost.com,Portugal,18.99.173.207,9/8/2015
716,Helen,Phillips,hphillipsjv@symantec.com,Brazil,193.206.201.66,6/29/2015
717,Julie,Nguyen,jnguyenjw@sourceforge.net,Canada,66.101.221.174,10/9/2015
718,Joan,White,jwhitejx@japanpost.jp,China,116.43.63.137,10/16/2014
719,Rose,Gibson,rgibsonjy@alexa.com,Indonesia,0.135.129.114,9/5/2015
720,Mary,Armstrong,marmstrongjz@vistaprint.com,France,162.2.59.149,5/26/2015
721,Jerry,James,jjamesk0@xing.com,Netherlands,254.147.37.30,3/6/2015
722,Bobby,Owens,bowensk1@discuz.net,Indonesia,79.229.91.16,9/1/2015
723,Ruby,King,rkingk2@answers.com,Mexico,223.251.50.47,7/4/2015
724,Barbara,Ramirez,bramirezk3@nasa.gov,Mexico,56.123.19.180,9/26/2015
725,Ashley,Pierce,apiercek4@yellowpages.com,Russia,104.118.160.252,10/27/2014
726,Barbara,Watkins,bwatkinsk5@umich.edu,China,75.225.85.84,12/2/2014
727,Kevin,Young,kyoungk6@themeforest.net,China,243.83.149.102,11/5/2014
728,Amy,Harper,aharperk7@redcross.org,Thailand,55.177.88.74,1/15/2015
729,Douglas,Watkins,dwatkinsk8@yelp.com,Azerbaijan,190.229.13.174,7/13/2015
730,Teresa,Bennett,tbennettk9@rakuten.co.jp,China,20.13.106.188,6/26/2015
731,Randy,Lawrence,rlawrenceka@state.tx.us,Spain,101.55.182.214,9/10/2015
732,Lisa,Johnson,ljohnsonkb@wired.com,Trinidad and Tobago,180.234.172.55,2/20/2015
733,Wayne,Powell,wpowellkc@ibm.com,United States,242.217.88.33,9/17/2015
734,Paula,Carr,pcarrkd@desdev.cn,Bulgaria,155.186.148.13,10/24/2014
735,Jesse,Stanley,jstanleyke@umn.edu,Tunisia,252.163.32.62,8/27/2015
736,Bobby,Flores,bfloreskf@weebly.com,Brazil,129.229.105.252,12/17/2014
737,Mark,Fox,mfoxkg@cdc.gov,Brazil,235.145.218.187,8/11/2015
738,Ralph,Mitchell,rmitchellkh@sina.com.cn,Poland,33.57.98.119,4/26/2015
739,James,Bailey,,Ireland,206.188.248.21,4/26/2015
740,Cynthia,Simpson,csimpsonkj@eventbrite.com,Ukraine,102.62.8.117,7/17/2015
741,Larry,Andrews,landrewskk@fc2.com,Japan,208.103.165.13,3/21/2015
742,Wanda,Robinson,wrobinsonkl@linkedin.com,Mexico,50.255.66.111,12/5/2014
743,Ralph,Boyd,rboydkm@hhs.gov,Serbia,194.223.76.63,7/17/2015
744,Timothy,Ward,twardkn@ca.gov,Honduras,13.199.198.106,10/7/2015
745,Katherine,Richardson,krichardsonko@github.com,Indonesia,44.139.59.151,1/3/2015
746,Wayne,Walker,wwalkerkp@slashdot.org,Ukraine,245.142.71.98,10/23/2014
747,Kevin,Bailey,kbaileykq@msu.edu,South Africa,20.89.215.196,7/2/2015
748,Elizabeth,Reed,ereedkr@php.net,Philippines,122.233.253.183,10/23/2014
749,William,Cole,wcoleks@parallels.com,Malaysia,203.89.249.94,7/4/2015
750,Kenneth,Woods,kwoodskt@buzzfeed.com,China,119.66.139.38,9/15/2015
751,Jack,Kelly,jkellyku@tripadvisor.com,Ukraine,163.50.239.103,4/22/2015
752,Kathy,Butler,kbutlerkv@cbc.ca,Peru,232.15.83.228,3/20/2015
753,Jeffrey,Schmidt,jschmidtkw@lycos.com,China,224.229.52.122,6/11/2015
754,Lillian,Sanders,lsanderskx@myspace.com,Ukraine,209.238.10.68,9/21/2015
755,Teresa,Mason,tmasonky@home.pl,Brazil,197.54.58.81,11/16/2014
756,Kimberly,Hanson,,Czech Republic,138.89.1.26,8/17/2015
757,Beverly,Castillo,bcastillol0@discuz.net,Comoros,25.91.50.192,12/13/2014
758,Ralph,Little,rlittlel1@canalblog.com,Philippines,91.74.51.186,8/2/2015
759,William,Taylor,wtaylorl2@java.com,Indonesia,3.70.92.116,11/11/2014
760,Louise,Price,lpricel3@list-manage.com,Iran,94.216.152.20,4/21/2015
761,Fred,Harris,fharrisl4@netscape.com,Philippines,236.15.186.197,10/21/2014
762,Billy,Fuller,bfullerl5@mapquest.com,South Korea,9.66.167.34,8/27/2015
763,Jason,Castillo,jcastillol6@abc.net.au,Czech Republic,170.86.63.96,8/13/2015
764,William,Burton,wburtonl7@shareasale.com,China,100.215.246.162,4/13/2015
765,Christina,Ramos,cramosl8@cbsnews.com,Russia,74.146.171.191,4/20/2015
766,Marilyn,Thomas,mthomasl9@privacy.gov.au,Czech Republic,70.224.3.226,4/25/2015
767,Susan,Garcia,sgarciala@nba.com,Colombia,183.228.200.250,3/16/2015
768,Gregory,Ellis,gellislb@flickr.com,Russia,6.107.248.110,5/28/2015
769,Diana,Foster,dfosterlc@sohu.com,China,209.126.230.26,10/6/2015
770,Scott,Riley,srileyld@squidoo.com,Egypt,25.201.54.141,3/25/2015
771,Amanda,Russell,arussellle@cbslocal.com,Armenia,211.231.178.184,7/26/2015
772,Lois,Wilson,lwilsonlf@army.mil,France,178.226.5.66,4/16/2015
773,Jack,Tucker,jtuckerlg@time.com,Morocco,225.91.142.41,12/29/2014
774,Bonnie,Bailey,,China,181.238.16.62,11/21/2014
775,Andrew,Ford,afordli@bigcartel.com,China,82.16.164.20,5/14/2015
776,Timothy,Gonzalez,tgonzalezlj@adobe.com,China,154.99.24.90,3/26/2015
777,Adam,Lane,alanelk@miitbeian.gov.cn,Indonesia,220.213.30.221,2/9/2015
778,Terry,Jackson,tjacksonll@cmu.edu,United States,202.88.33.185,11/23/2014
779,William,Howard,whowardlm@hexun.com,Ukraine,79.213.186.142,6/4/2015
780,Thomas,Morris,tmorrisln@blog.com,France,66.32.179.138,7/18/2015
781,Daniel,Simpson,dsimpsonlo@ameblo.jp,Morocco,167.169.238.118,12/30/2014
782,Shawn,Dixon,sdixonlp@geocities.com,United States,202.83.209.52,2/1/2015
783,Martin,Flores,mfloreslq@stumbleupon.com,Uzbekistan,196.99.72.229,12/8/2014
784,Jeremy,Wright,jwrightlr@slate.com,Russia,101.115.89.55,11/14/2014
785,Adam,Stone,astonels@lycos.com,Colombia,186.103.115.83,5/16/2015
786,Amy,Morrison,amorrisonlt@feedburner.com,Philippines,240.222.157.234,11/1/2014
787,Jessica,Stone,jstonelu@wordpress.com,China,216.245.96.163,5/15/2015
788,Mark,Fox,mfoxlv@blogspot.com,Saudi Arabia,174.112.173.213,5/9/2015
789,Amanda,Fernandez,afernandezlw@aboutads.info,France,126.226.8.24,5/8/2015
790,Shawn,Lawson,slawsonlx@multiply.com,Russia,101.43.225.233,10/3/2015
791,Ashley,Wilson,awilsonly@icq.com,Italy,9.229.213.255,11/14/2014
792,Jean,Garcia,,China,67.203.33.241,7/27/2015
793,Richard,Rodriguez,rrodriguezm0@yale.edu,Syria,42.22.223.110,4/9/2015
794,Craig,Young,cyoungm1@reuters.com,Palestinian Territory,43.169.158.79,12/29/2014
795,Jacqueline,Thompson,jthompsonm2@yale.edu,Paraguay,228.196.75.5,11/19/2014
796,Raymond,Hawkins,,Brazil,66.249.215.56,12/18/2014
797,Julia,Arnold,,Russia,65.44.2.210,1/5/2015
798,Keith,Riley,krileym5@eventbrite.com,Greece,49.123.63.156,11/21/2014
799,Joseph,Hudson,jhudsonm6@msn.com,Brazil,166.117.48.50,4/15/2015
800,Bobby,Bryant,bbryantm7@si.edu,China,34.243.187.6,3/31/2015
801,Bonnie,Cook,bcookm8@github.com,Argentina,128.248.41.215,2/3/2015
802,Jesse,Webb,jwebbm9@printfriendly.com,Bulgaria,39.68.0.169,1/11/2015
803,Douglas,Hawkins,dhawkinsma@myspace.com,Indonesia,113.92.99.251,7/31/2015
804,Lori,Smith,lsmithmb@pen.io,China,178.18.14.148,4/20/2015
805,Todd,Mccoy,tmccoymc@ifeng.com,Indonesia,19.177.246.98,8/16/2015
806,Angela,Stewart,astewartmd@dailymotion.com,Pakistan,53.165.61.19,2/2/2015
807,Sean,Kim,skimme@hibu.com,Japan,122.82.66.111,3/28/2015
808,Jimmy,Andrews,jandrewsmf@theatlantic.com,Palestinian Territory,33.30.2.155,12/6/2014
809,Robert,Tucker,rtuckermg@reference.com,Syria,242.219.228.231,8/29/2015
810,Teresa,Cunningham,tcunninghammh@g.co,Sweden,149.108.174.223,10/10/2015
811,Sarah,Anderson,sandersonmi@istockphoto.com,Indonesia,22.168.165.45,11/7/2014
812,Debra,Campbell,dcampbellmj@cbc.ca,Mexico,181.91.24.246,12/26/2014
813,Gary,Coleman,gcolemanmk@nhs.uk,Peru,233.139.72.172,2/28/2015
814,Michelle,Meyer,mmeyerml@desdev.cn,Honduras,53.38.161.100,9/21/2015
815,Christina,Peters,cpetersmm@devhub.com,Russia,135.104.150.94,11/10/2014
816,Bruce,Porter,bportermn@seesaa.net,Israel,111.124.38.104,11/2/2014
817,Jacqueline,Wheeler,jwheelermo@people.com.cn,Serbia,142.74.188.32,7/13/2015
818,Emily,Richardson,erichardsonmp@shutterfly.com,Philippines,165.97.7.138,3/23/2015
819,Eugene,Parker,eparkermq@tinyurl.com,China,181.190.137.30,7/22/2015
820,Brandon,Bell,bbellmr@salon.com,Czech Republic,47.105.129.68,3/21/2015
821,Jeffrey,Harvey,jharveyms@yandex.ru,Brazil,163.203.219.128,5/3/2015
822,Gregory,Nguyen,gnguyenmt@technorati.com,Indonesia,245.31.175.222,3/10/2015
823,Alan,Williamson,awilliamsonmu@sciencedirect.com,Russia,139.129.176.174,1/5/2015
824,Keith,Lynch,klynchmv@dmoz.org,Indonesia,21.68.103.110,6/18/2015
825,Ruth,Henry,rhenrymw@histats.com,China,143.94.68.93,10/24/2014
826,Ashley,Andrews,aandrewsmx@phpbb.com,Serbia,71.189.207.211,7/9/2015
827,Kathy,Price,kpricemy@google.nl,Brazil,91.84.208.38,1/26/2015
828,Anna,Perry,aperrymz@etsy.com,China,16.185.229.101,5/13/2015
829,Gerald,Mills,gmillsn0@usda.gov,Indonesia,39.191.176.128,3/27/2015
830,David,Evans,devansn1@dmoz.org,Myanmar,218.77.181.163,12/28/2014
831,Margaret,Stanley,mstanleyn2@baidu.com,Greece,27.115.79.157,6/18/2015
832,Russell,Spencer,rspencern3@disqus.com,Poland,28.34.145.237,1/19/2015
833,Julia,Oliver,jolivern4@infoseek.co.jp,Greece,239.166.28.120,5/22/2015
834,Carolyn,Fuller,cfullern5@nhs.uk,Greece,122.110.113.137,2/18/2015
835,Steven,Alexander,salexandern6@apache.org,Armenia,25.71.191.225,2/13/2015
836,Paul,Richardson,prichardsonn7@mayoclinic.com,Serbia,60.1.12.33,6/22/2015
837,Kevin,Adams,kadamsn8@google.ca,Cuba,178.79.178.118,8/11/2015
838,Lillian,Cox,lcoxn9@hatena.ne.jp,China,131.141.87.247,7/9/2015
839,Sean,Snyder,ssnyderna@imgur.com,Cape Verde,210.22.19.110,8/12/2015
840,Kelly,Mitchell,kmitchellnb@smh.com.au,China,209.187.47.24,12/22/2014
841,David,Washington,dwashingtonnc@marketwatch.com,Sweden,114.43.25.178,11/29/2014
842,Albert,Simpson,asimpsonnd@multiply.com,Sweden,83.167.229.85,6/17/2015
843,Matthew,Cunningham,mcunninghamne@ucoz.com,Portugal,154.234.81.44,12/23/2014
844,Brian,Carpenter,bcarpenternf@biblegateway.com,Canada,136.180.7.22,12/4/2014
845,Anna,Vasquez,avasquezng@weather.com,Iran,30.105.95.109,1/31/2015
846,Robert,Powell,rpowellnh@sitemeter.com,Azerbaijan,174.200.216.169,8/2/2015
847,Juan,Hunter,jhunterni@blogtalkradio.com,Slovakia,199.141.118.22,6/17/2015
848,Alice,Howell,ahowellnj@taobao.com,Japan,116.190.80.41,9/24/2015
849,Jeremy,Rogers,jrogersnk@parallels.com,Czech Republic,182.192.19.135,1/26/2015
850,Dorothy,Stone,,Philippines,83.76.70.70,5/11/2015
851,Linda,Cox,lcoxnm@shutterfly.com,China,122.237.16.5,3/16/2015
852,Deborah,Stevens,dstevensnn@vinaora.com,Bulgaria,181.18.92.33,6/24/2015
853,William,Harper,wharperno@economist.com,Philippines,232.168.40.63,2/10/2015
854,Douglas,Lawrence,dlawrencenp@instagram.com,Poland,144.149.2.200,11/19/2014
855,Roger,Harrison,rharrisonnq@reverbnation.com,Azerbaijan,60.1.163.159,7/18/2015
856,Martin,Alexander,malexandernr@blogspot.com,Armenia,43.75.189.196,12/25/2014
857,Fred,Webb,,France,81.46.160.239,10/18/2014
858,Phillip,Gomez,pgomeznt@spiegel.de,Russia,255.149.8.166,10/6/2015
859,Rachel,Rose,rrosenu@google.com,China,59.94.121.164,12/4/2014
860,Wanda,Mccoy,wmccoynv@unblog.fr,Peru,56.134.146.156,10/26/2014
861,Raymond,Morris,rmorrisnw@weather.com,China,176.150.82.191,1/14/2015
862,Wanda,Ryan,wryannx@studiopress.com,Indonesia,97.113.190.235,5/1/2015
863,Larry,Kelly,lkellyny@yandex.ru,Portugal,240.246.73.146,3/2/2015
864,Jimmy,Simpson,jsimpsonnz@flavors.me,South Africa,225.238.179.142,2/19/2015
865,Doris,Nguyen,dnguyeno0@quantcast.com,Nigeria,174.176.226.216,3/5/2015
866,Daniel,Walker,dwalkero1@ibm.com,Uganda,192.85.102.217,1/19/2015
867,Ernest,Lopez,elopezo2@twitpic.com,Portugal,223.84.96.29,11/12/2014
868,Doris,Moore,dmooreo3@reverbnation.com,Philippines,178.121.82.241,3/17/2015
869,Michelle,Frazier,mfraziero4@sun.com,China,11.110.78.173,4/6/2015
870,Marilyn,Greene,mgreeneo5@google.it,Bulgaria,37.188.170.178,7/3/2015
871,Annie,Hunt,ahunto6@google.fr,Mexico,152.185.159.149,10/25/2014
872,Wayne,Henry,whenryo7@ifeng.com,Kazakhstan,124.159.147.74,5/21/2015
873,Shirley,Franklin,sfranklino8@independent.co.uk,Indonesia,165.226.147.124,8/14/2015
874,Martha,Larson,mlarsono9@engadget.com,Vanuatu,4.4.225.92,5/4/2015
875,Bonnie,Powell,bpowelloa@php.net,Ecuador,174.102.135.223,3/9/2015
876,Maria,Harvey,mharveyob@barnesandnoble.com,Indonesia,2.1.113.99,12/5/2014
877,Donald,Pierce,dpierceoc@smh.com.au,Brazil,118.64.221.105,5/14/2015
878,Elizabeth,Robertson,erobertsonod@trellian.com,Indonesia,104.54.1.119,9/26/2015
879,Kathy,Moreno,kmorenooe@walmart.com,Armenia,183.30.238.129,2/18/2015
880,Ruby,Little,rlittleof@telegraph.co.uk,Greece,255.213.234.162,9/27/2015
881,Shirley,Carr,scarrog@i2i.jp,France,25.250.209.221,12/30/2014
882,Lois,Bradley,lbradleyoh@vk.com,Somalia,22.56.198.191,7/18/2015
883,Randy,Murray,rmurrayoi@odnoklassniki.ru,Philippines,164.141.175.45,3/5/2015
884,Christine,James,cjamesoj@economist.com,Russia,235.7.28.165,3/29/2015
885,Patricia,Allen,pallenok@state.tx.us,Philippines,17.242.44.128,9/6/2015
886,Roy,Williams,,Thailand,115.31.171.178,5/28/2015
887,Matthew,Torres,,Indonesia,208.97.70.118,4/25/2015
888,Jerry,Riley,jrileyon@about.me,South Africa,49.69.79.165,4/13/2015
889,Keith,Woods,kwoodsoo@shutterfly.com,United States,26.111.40.120,12/20/2014
890,Bobby,Peterson,bpetersonop@live.com,Philippines,67.143.113.227,8/3/2015
891,Sharon,Patterson,spattersonoq@oaic.gov.au,Portugal,195.213.25.114,7/23/2015
892,Deborah,Porter,dporteror@google.cn,France,42.58.234.175,1/30/2015
893,Julie,Gray,jgrayos@nba.com,Indonesia,15.54.12.77,10/30/2014
894,Gerald,Welch,gwelchot@webmd.com,Canada,103.11.120.30,8/15/2015
895,Jennifer,Nguyen,jnguyenou@gmpg.org,Portugal,241.24.4.129,4/13/2015
896,Joe,Gonzalez,jgonzalezov@spiegel.de,China,239.122.39.220,4/17/2015
897,Pamela,Rivera,priveraow@icq.com,Indonesia,224.61.93.254,7/2/2015
898,Patricia,Taylor,ptaylorox@pinterest.com,Israel,110.153.81.241,2/24/2015
899,Judith,Harris,jharrisoy@jigsy.com,Indonesia,193.165.253.93,8/24/2015
900,Louis,Bradley,lbradleyoz@boston.com,Canada,58.250.151.126,11/23/2014
901,Denise,Wagner,dwagnerp0@patch.com,Russia,155.63.196.147,5/22/2015
902,Diana,Patterson,dpattersonp1@prlog.org,China,68.104.122.118,11/8/2014
903,Katherine,Hanson,khansonp2@thetimes.co.uk,Japan,44.128.75.183,5/8/2015
904,Jose,Gordon,jgordonp3@indiegogo.com,China,73.115.30.169,1/17/2015
905,Mark,Wood,mwoodp4@desdev.cn,China,251.43.210.221,4/30/2015
906,Kevin,Morales,kmoralesp5@istockphoto.com,China,94.125.137.226,11/18/2014
907,Antonio,Butler,abutlerp6@who.int,Croatia,180.147.88.50,8/21/2015
908,Todd,Austin,,Czech Republic,93.23.92.79,6/13/2015
909,Andrew,Hudson,ahudsonp8@shareasale.com,China,149.133.165.74,5/28/2015
910,Carl,Anderson,candersonp9@shareasale.com,Brazil,77.101.161.41,12/14/2014
911,Albert,Garrett,agarrettpa@cornell.edu,China,22.164.190.248,2/5/2015
912,Craig,Mccoy,cmccoypb@artisteer.com,China,100.10.221.216,4/15/2015
913,Rachel,Lane,rlanepc@upenn.edu,Indonesia,38.253.30.32,5/9/2015
914,Howard,Williamson,hwilliamsonpd@squidoo.com,Mexico,158.27.152.53,12/7/2014
915,Mark,Coleman,mcolemanpe@webeden.co.uk,Indonesia,88.50.203.128,12/11/2014
916,David,Green,dgreenpf@addthis.com,Iran,3.144.79.128,12/22/2014
917,Annie,Hughes,ahughespg@edublogs.org,Philippines,48.187.139.110,6/29/2015
918,Timothy,Butler,tbutlerph@google.nl,Maldives,14.190.19.117,9/25/2015
919,Stephen,Turner,sturnerpi@arizona.edu,Russia,156.66.246.240,5/13/2015
920,Robin,Oliver,roliverpj@usatoday.com,Chile,192.13.47.26,8/25/2015
921,Eric,Cunningham,,Uganda,236.208.82.25,9/17/2015
922,Sharon,Wagner,,Mongolia,142.4.161.40,11/27/2014
923,Lillian,Burton,lburtonpm@globo.com,Brazil,31.253.198.178,7/23/2015
924,Tina,Bryant,tbryantpn@fema.gov,El Salvador,61.106.168.64,10/7/2015
925,Janice,Reed,jreedpo@dmoz.org,China,12.146.237.91,8/18/2015
926,Billy,Kelly,bkellypp@noaa.gov,Azerbaijan,238.108.233.231,7/28/2015
927,Donald,Morrison,dmorrisonpq@t-online.de,Dominican Republic,41.43.101.171,3/29/2015
928,Frances,James,fjamespr@drupal.org,Indonesia,79.46.154.211,9/7/2015
929,Larry,Reid,lreidps@artisteer.com,Syria,180.99.253.100,10/5/2015
930,Chris,Ross,crosspt@noaa.gov,Philippines,240.174.191.234,3/2/2015
931,Tina,Meyer,tmeyerpu@dailymotion.com,China,126.28.211.150,5/8/2015
932,Joseph,Adams,jadamspv@scribd.com,Guatemala,140.56.48.163,11/24/2014
933,Eric,Wood,,China,94.87.62.137,8/17/2015
934,Barbara,Rose,brosepx@artisteer.com,Philippines,93.249.112.75,3/31/2015
935,Irene,Perez,iperezpy@techcrunch.com,China,206.150.251.62,8/21/2015
936,Randy,Riley,rrileypz@barnesandnoble.com,Philippines,84.169.250.105,11/24/2014
937,Denise,Alvarez,dalvarezq0@google.ru,Guatemala,118.176.119.227,2/28/2015
938,Rachel,Miller,rmillerq1@edublogs.org,Poland,70.128.75.196,11/2/2014
939,Brenda,Russell,brussellq2@disqus.com,Netherlands,142.18.234.211,10/1/2015
940,Charles,Wheeler,cwheelerq3@ask.com,Indonesia,254.126.99.108,6/23/2015
941,Terry,Wright,twrightq4@biglobe.ne.jp,Philippines,198.173.74.27,8/15/2015
942,Betty,Anderson,bandersonq5@google.co.jp,China,188.245.251.26,2/16/2015
943,Evelyn,Mendoza,emendozaq6@nymag.com,Czech Republic,24.45.160.38,12/5/2014
944,Joyce,Warren,jwarrenq7@yale.edu,Japan,229.207.119.244,12/10/2014
945,Debra,Price,dpriceq8@nydailynews.com,Venezuela,28.239.168.44,5/7/2015
946,Kevin,Hill,khillq9@booking.com,France,127.19.18.114,3/1/2015
947,Ernest,Clark,eclarkqa@telegraph.co.uk,China,156.0.200.5,3/19/2015
948,Todd,Henry,thenryqb@aol.com,Bahamas,152.140.248.234,8/13/2015
949,Walter,Gonzalez,wgonzalezqc@qq.com,Russia,137.161.189.170,9/5/2015
950,Barbara,Lee,bleeqd@latimes.com,Philippines,136.232.184.155,1/12/2015
951,Lisa,Williams,lwilliamsqe@desdev.cn,Sudan,60.253.148.204,9/27/2015
952,Lori,Walker,lwalkerqf@tmall.com,Sweden,226.113.92.26,4/11/2015
953,Denise,Stanley,dstanleyqg@behance.net,Indonesia,192.69.177.136,10/16/2014
954,Jeremy,Burns,jburnsqh@umich.edu,China,62.36.166.60,1/6/2015
955,Debra,Welch,,Iran,109.186.43.30,9/17/2015
956,Jesse,Stephens,jstephensqj@eventbrite.com,Brazil,77.49.9.127,10/25/2014
957,Henry,Brooks,hbrooksqk@oaic.gov.au,United States,229.60.161.19,1/29/2015
958,William,Webb,wwebbql@businessinsider.com,Nigeria,108.19.255.29,9/6/2015
959,Pamela,Williams,pwilliamsqm@loc.gov,Thailand,74.52.100.35,11/6/2014
960,Howard,Allen,hallenqn@vkontakte.ru,Philippines,128.5.53.84,1/22/2015
961,Anna,Weaver,aweaverqo@studiopress.com,Ukraine,221.61.223.60,12/29/2014
962,Roger,George,rgeorgeqp@liveinternet.ru,Canada,190.203.145.92,11/9/2014
963,Christine,Gilbert,cgilbertqq@alexa.com,Sweden,216.134.101.10,3/2/2015
964,Martin,Gomez,mgomezqr@hao123.com,Uzbekistan,172.82.235.11,12/13/2014
965,Steven,Lopez,slopezqs@cbslocal.com,Venezuela,75.55.190.202,4/15/2015
966,Jerry,Larson,jlarsonqt@reference.com,Russia,93.4.246.132,10/27/2014
967,Frances,Nguyen,,Portugal,133.0.32.202,10/28/2014
968,Carl,Grant,cgrantqv@plala.or.jp,China,77.202.221.200,7/26/2015
969,Aaron,Mccoy,amccoyqw@cornell.edu,China,10.53.34.111,9/17/2015
970,Jeffrey,Hamilton,jhamiltonqx@shareasale.com,Morocco,6.114.59.99,8/3/2015
971,Norma,Diaz,ndiazqy@techcrunch.com,Czech Republic,63.30.194.233,4/30/2015
972,Nicole,Collins,ncollinsqz@deviantart.com,Argentina,28.5.69.231,1/27/2015
973,Lori,Wheeler,lwheelerr0@usnews.com,France,224.203.80.115,4/15/2015
974,Richard,Willis,rwillisr1@japanpost.jp,Portugal,67.149.251.172,11/25/2014
975,Karen,Washington,kwashingtonr2@miitbeian.gov.cn,Poland,68.23.19.36,11/18/2014
976,Cheryl,Griffin,cgriffinr3@dagondesign.com,China,101.40.126.253,4/16/2015
977,Thomas,Peters,tpetersr4@quantcast.com,Japan,3.64.24.204,2/23/2015
978,William,Roberts,wrobertsr5@mac.com,Canada,1.250.102.193,9/17/2015
979,Benjamin,Rice,bricer6@ucoz.com,China,0.118.127.254,10/25/2014
980,Judy,Hudson,jhudsonr7@accuweather.com,Germany,161.229.115.167,4/16/2015
981,Carolyn,Gomez,cgomezr8@sohu.com,Mexico,92.216.204.121,1/2/2015
982,Lisa,Tucker,ltuckerr9@baidu.com,Russia,167.171.234.185,3/26/2015
983,Bonnie,Rodriguez,brodriguezra@walmart.com,Ukraine,240.25.167.33,3/23/2015
984,Lillian,Bailey,lbaileyrb@creativecommons.org,South Korea,209.230.136.22,3/21/2015
985,Carlos,Moore,cmoorerc@github.io,Philippines,106.203.119.127,2/28/2015
986,Robert,Cox,rcoxrd@nih.gov,Portugal,87.172.188.55,3/2/2015
987,Margaret,Dean,mdeanre@dell.com,Nigeria,151.251.120.60,11/25/2014
988,Timothy,Harvey,tharveyrf@addtoany.com,China,228.94.253.28,12/21/2014
989,Ashley,Harvey,aharveyrg@seattletimes.com,China,145.170.230.125,1/10/2015
990,Cheryl,Wood,cwoodrh@newyorker.com,Argentina,51.213.133.255,3/12/2015
991,Julie,Greene,jgreeneri@bloglovin.com,Nigeria,120.19.245.252,7/30/2015
992,Sarah,Hicks,,China,153.167.81.252,4/20/2015
993,Albert,Mason,amasonrk@rediff.com,Indonesia,38.188.81.225,5/16/2015
994,Richard,Sullivan,rsullivanrl@tinyurl.com,Dominican Republic,108.246.231.188,2/16/2015
995,Carolyn,Richards,crichardsrm@netlog.com,Portugal,20.146.74.110,5/16/2015
996,Ralph,Wallace,rwallacern@gov.uk,China,89.7.255.37,12/5/2014
997,Jessica,Black,jblackro@sitemeter.com,Indonesia,126.173.62.138,3/23/2015
998,Janice,Hill,jhillrp@mozilla.com,Indonesia,242.145.102.219,2/20/2015
999,Shirley,Dean,sdeanrq@home.pl,Indonesia,253.7.89.192,12/16/2014
1000,Keith,Arnold,karnoldrr@narod.ru,Ukraine,65.25.19.240,4/5/2015
